ts_code,trade_date,ret_1d,ret_2d,ret_3d,ret_5d
000001.SZ,20240702,-0.008653170535343757,-0.013460947419726477,-0.04134626031328159,-0.031730706544516485
000001.SZ,20241226,-0.0025308137676269826,0.007583561254573157,-0.013497673427343537,-0.04047526018541536
000001.SZ,20241231,-0.023070968206531428,-0.027346703633024827,-0.02221582112123288,-0.017093940157707155
000048.SZ,20240322,-0.021203744235831712,-0.008928839130982413,-0.04575955097953388,-0.03460000119930695
000048.SZ,20240322,-0.021203744235831712,-0.008928839130982413,-0.04575955097953388,-0.03460000119930695
000048.SZ,20240724,0.014530641548894607,0.018885151744535422,0.0631872205270676,0.07916156169279631
000056.SZ,20240306,0.051724137931034475,0.1586206896551725,0.09310344827586214,0.05862068965517242
000089.SZ,20240723,-0.0030870303898200557,0.0,-0.006172490570896416,-0.009259520960716472
000100.SZ,20241212,-0.007921462017220104,-0.01584292403444043,-0.007921462017220104,0.023762384165884276
000333.SZ,20240111,0.0,0.01600014416348139,0.03490758520161874,0.02545486581783729
000333.SZ,20240119,-0.014251105858351987,0.004274350951871897,0.018702001824298486,0.02440244416763937
000333.SZ,20240205,0.008411736048206775,0.027923036597813145,0.014130086451380919,0.03784818122373057
000333.SZ,20250708,-0.0058158571979941565,-0.007476734481178027,0.0036004252514654222,0.013707810999967984
000333.SZ,20250710,0.011160604609961489,0.01980972222027244,0.021344129872937767,0.013253744417943025
000333.SZ,20250716,-0.003565950761440284,-0.0008228055183191474,-0.004663484967923015,0.008368870892702551
000333.SZ,20250829,0.0043412969283276315,0.033238225255972864,0.02591262798634819,0.03405187713310576
000333.SZ,20250910,0.0,-0.01882690483594074,-0.02402030849470982,-0.03466711262434774
000333.SZ,20251105,0.014353464668241944,0.003424053979204089,0.018303582668244278,0.04674681744518394
000408.SZ,20240307,0.010137609925352509,0.0030409256420427244,-0.02026807313944301,0.0016901972134972798
000408.SZ,20240312,-0.003450325884373995,0.02241252913264047,0.08482476648296533,0.08379258654081112
000415.SZ,20240208,-0.00952380952380949,-0.004761904761904856,0.0,-0.004761904761904856
000415.SZ,20240208,-0.00952380952380949,-0.004761904761904856,0.0,-0.004761904761904856
000415.SZ,20240208,-0.00952380952380949,-0.004761904761904856,0.0,-0.004761904761904856
000415.SZ,20240219,0.004807692307692291,0.009615384615384581,0.004807692307692291,-0.004807692307692402
000415.SZ,20240219,0.004807692307692291,0.009615384615384581,0.004807692307692291,-0.004807692307692402
000415.SZ,20240219,0.004807692307692291,0.009615384615384581,0.004807692307692291,-0.004807692307692402
000488.SZ,20250530,-0.005050505050505083,0.005050505050504972,0.0,-0.005050505050505083
000504.SZ,20240731,0.0057553956834532904,0.030215827338129442,0.0028776978417266452,0.012949640287769792
000547.SZ,20241112,0.0011337868480725266,-0.038548752834467126,-0.06689342403628118,-0.019274376417233507
000564.SZ,20251105,-0.028880866425992857,-0.028880866425992857,0.0036101083032489267,-0.01805054151624541
000612.SZ,20240327,0.03370847721414316,0.09550702786829435,0.15168717474830995,0.3333339818102232
000629.SZ,20250123,0.0073260073260073,0.00366300366300365,0.0146520146520146,0.04395604395604402
000638.SZ,20251226,-0.03711340206185565,-0.08041237113402055,-0.035051546391752564,0.0639175257731961
000686.SZ,20241104,0.06712139589342847,0.023890211258809302,0.0637091756388719,0.01592758575202513
000686.SZ,20241104,0.06712139589342847,0.023890211258809302,0.0637091756388719,0.01592758575202513
000708.SZ,20250219,-0.0025290437890973516,-0.014334226988382381,0.025299374441465794,0.052278820375335266
000723.SZ,20250605,-0.002320185614849146,0.0,-0.004640371229698292,-0.002320185614849146
000723.SZ,20250829,0.02494802494802495,0.004158004158004269,-0.029106029106028997,-0.006237006237006071
000723.SZ,20250902,-0.0331262939958592,-0.0331262939958592,-0.010351966873705987,0.0
000727.SZ,20250901,-0.02573529411764719,-0.04779411764705899,-0.05147058823529416,-0.03676470588235292
000727.SZ,20260313,0.021739130434782705,-0.007246376811594013,0.0036231884057971175,-0.021739130434782483
000733.SZ,20250923,0.018159559273617676,0.0028565598857375196,0.01591511936339529,0.02509691899612343
000733.SZ,20250923,0.018159559273617676,0.0028565598857375196,0.01591511936339529,0.02509691899612343
000733.SZ,20250923,0.018159559273617676,0.0028565598857375196,0.01591511936339529,0.02509691899612343
000735.SZ,20241029,0.045060519974547075,0.06412405116989062,0.025996988779203756,0.08838767555312921
000738.SZ,20241106,-0.022116570390082302,-0.013670734081910774,-0.015682806516518433,-0.05709661192964233
000767.SZ,20251118,-0.01655629139072845,-0.026490066225165587,-0.06622516556291391,-0.07284768211920534
000767.SZ,20251208,-0.0034843205574913716,0.0,-0.013937282229965153,0.0034843205574912606
000767.SZ,20251230,-0.003558718861210064,0.0,0.014234875444839812,0.014234875444839812
000786.SZ,20250107,-0.0067503050236061846,-0.012217521616890381,-0.020257546018778827,-0.003859211712906485
000792.SZ,20250725,-0.005319148936170248,-0.01010638297872346,-0.005319148936170248,-0.0430851063829788
000793.SZ,20240403,-0.04320987654320996,-0.024691358024691357,-0.06790123456790131,-0.09876543209876554
000793.SZ,20250225,0.02768166089965396,0.07958477508650508,0.0692041522491349,0.01038062283737018
000793.SZ,20251015,0.04844290657439432,0.04844290657439432,0.04152249134948094,0.05882352941176472
000810.SZ,20250718,0.011343804537521818,0.006108202443280808,0.0,0.018324607329842868
000810.SZ,20250721,-0.0051768766177739955,-0.011216566005176842,0.0025884383088869978,0.007765314926660993
000810.SZ,20250722,-0.00607111882046818,0.007805724197744945,0.012142237640936804,0.015611448395490113
000810.SZ,20250724,0.004302925989672968,0.005163511187607606,0.0077452667814115195,-0.015490533562822706
000829.SZ,20250702,-0.0028929604628735728,-0.020250723240115676,-0.020250723240115676,-0.01928640308582441
000829.SZ,20250703,-0.01740812379110246,-0.01740812379110246,-0.007736943907156735,-0.011605415860734936
000829.SZ,20250704,0.0,0.009842519685039353,0.0009842519685039353,0.0167322834645669
000829.SZ,20250707,0.009842519685039353,0.0009842519685039353,0.0059055118110236116,0.004921259842519676
000829.SZ,20250708,-0.00877192982456143,-0.0038986354775827348,0.006822612085769952,-0.031189083820662766
000829.SZ,20250709,0.004916420845624492,0.015732546705998107,0.003933136676499638,-0.01868239921337267
000829.SZ,20250710,0.010763209393346296,-0.0009784735812132794,-0.027397260273972712,-0.011741682974559797
000829.SZ,20250711,-0.011616650532429773,-0.037754114230396985,-0.03388189738625358,-0.030009680542110395
000863.SZ,20241101,-0.00527704485488123,0.0158311345646438,0.02638522427440626,0.0237467018469657
000863.SZ,20250210,-0.0075949367088608,0.017721518987341645,0.025316455696202445,0.0075949367088608
000863.SZ,20250212,0.007462686567164312,-0.02487562189054715,-0.00995024875621886,-0.04228855721393021
000863.SZ,20250213,-0.032098765432098775,-0.01728395061728394,-0.051851851851851816,-0.05679012345679013
000863.SZ,20250214,0.015306122448979664,-0.020408163265306145,-0.017857142857142794,-0.028061224489795866
000863.SZ,20250217,-0.035175879396984966,-0.03266331658291455,-0.04020100502512569,-0.03768844221105527
000882.SZ,20240705,-0.027027027027027084,-0.04504504504504503,-0.027027027027027084,-0.018018018018018056
000893.SZ,20240802,-0.018337408312958492,-0.016503667481662543,0.02017114914425444,0.014058679706601573
000895.SZ,20240221,0.006042352589045175,-0.0030230469919185765,-0.01174797964681229,-0.01443430110745303
000932.SZ,20250217,0.006757488666456313,-0.002251727976510187,0.006757488666456313,0.006757488666456313
000932.SZ,20250314,-0.0075903060005941825,-0.02846413294006389,-0.013283520938875637,0.024668009064095386
000932.SZ,20250314,-0.0075903060005941825,-0.02846413294006389,-0.013283520938875637,0.024668009064095386
000938.SZ,20240521,0.037692634592587426,0.05055357981614428,-0.005323312979489736,-0.030155002348520532
000959.SZ,20250314,0.005633611235483782,-0.002816805617742002,-0.014084028088709566,0.011267222470967564
000959.SZ,20250314,0.005633611235483782,-0.002816805617742002,-0.014084028088709566,0.011267222470967564
000961.SZ,20240321,-0.03603603603603611,-0.04504504504504503,-0.027027027027027084,-0.08108108108108114
000975.SZ,20240805,-0.017537592901999077,-0.022060263870484542,-0.033369821973843417,-0.02093103646943595
000975.SZ,20240805,-0.017537592901999077,-0.022060263870484542,-0.033369821973843417,-0.02093103646943595
000975.SZ,20241018,0.03026614735475497,0.030801687763712948,0.02442388834793885,-0.024964838255977506
000976.SZ,20240223,0.05128205128205132,0.10256410256410264,0.05128205128205132,0.0769230769230771
000981.SZ,20240712,-0.06015037593984962,-0.07518796992481214,-0.07518796992481214,-0.07518796992481214
001201.SZ,20240718,0.006516587677725116,-0.013033175355450122,-0.041469194312796165,-0.1172985781990521
001201.SZ,20240722,-0.02881152460984393,-0.07623049219687872,-0.10564225690276108,-0.07863145258103243
001203.SZ,20240906,-0.012096807763714024,-0.012096807763714024,-0.00403226925457123,-0.018818181565896874
001208.SZ,20250918,0.02278083267871156,0.05341712490180672,0.0463472113118617,0.0722702278083267
001208.SZ,20250918,0.02278083267871156,0.05341712490180672,0.0463472113118617,0.0722702278083267
001208.SZ,20250918,0.02278083267871156,0.05341712490180672,0.0463472113118617,0.0722702278083267
001208.SZ,20250918,0.02278083267871156,0.05341712490180672,0.0463472113118617,0.0722702278083267
001210.SZ,20240319,0.020286744424675485,0.019656019656019597,-0.0012708633398289537,-0.027902510661131363
001226.SZ,20240430,-0.010851767787978361,-0.020591257608094327,-0.01391194371986415,-0.0011122779678625072
001259.SZ,20250617,-0.024464831804281384,-0.06536697247706424,-0.06689602446483178,-0.02561162079510715
001259.SZ,20250618,-0.04192789968652044,-0.04349529780564265,-0.030172413793103425,0.004310344827586077
001309.SZ,20250813,-0.012041773231031616,-0.011615515771526086,-0.007779198635976203,-0.024403239556692324
001330.SZ,20250214,-0.0888888888888888,-0.14188034188034193,-0.1282051282051282,-0.1384615384615384
001330.SZ,20250217,-0.05816135084427776,-0.04315196998123838,-0.05816135084427776,-0.05628517823639767
001965.SZ,20241016,-0.017486716488833265,-0.0183161259665644,0.004993736230506807,0.05246014946649957
002001.SZ,20250117,0.010046621265189959,0.00730922587789129,0.03587603781027382,0.036337022797370944
002007.SZ,20241113,-0.02551325375360247,-0.03968136544140688,-0.04989021784803305,-0.026643625237466773
002008.SZ,20240103,-0.014863061993679372,-0.03071023116373206,-0.07330583920500378,-0.06686856081934534
002010.SZ,20240802,-0.007751547392372049,0.0025829651591415814,-0.005168582233230579,0.0
002015.SZ,20240315,0.0349454235517308,0.04390860850677725,0.02688039005434728,0.008963184955046444
002015.SZ,20240320,0.010477839458793659,-0.01744819092158567,-0.051478856898059644,-0.09772771897256471
002015.SZ,20240805,0.0381999485809581,0.04229284931608546,0.01364254417019417,-0.004091525894437065
002015.SZ,20240806,0.003942304891000559,-0.023653829346003907,-0.034165759552508,-0.039421724655760104
002027.SZ,20250819,0.03136770957902457,0.028857449913339384,0.043055036060288376,0.06371002154661487
002028.SZ,20240223,0.014216698076520373,0.04948173741362294,0.03821906129408581,0.0686847497681653
002028.SZ,20240223,0.014216698076520373,0.04948173741362294,0.03821906129408581,0.0686847497681653
002028.SZ,20250123,0.02790273486052497,0.029176463344711134,-0.02943043941708634,-0.005096196644180817
002028.SZ,20250207,-0.011524854698386378,-0.006145987509476147,0.001409180689712075,-0.006274915294445238
002028.SZ,20251104,-0.020155364266218778,0.0336622576807335,0.02337462383651756,-0.013926796836727373
002046.SZ,20251031,0.006287111421585667,-0.011875654907439692,-0.023052741879147742,-0.01851205029689129
002046.SZ,20251031,0.006287111421585667,-0.011875654907439692,-0.023052741879147742,-0.01851205029689129
002049.SZ,20250121,-0.012083769285702428,-0.01969840399913647,-0.009766993838539961,0.006455416604387754
002056.SZ,20250617,-0.020191636991078954,-0.02739454458680579,-0.013700943500128515,0.001439113036455053
002056.SZ,20250618,-0.007351343250028175,0.006624452021432026,0.0036794184870170277,0.029435347896136888
002056.SZ,20250619,0.014079297016547976,0.01111245319483034,0.02964579055441474,0.021492631960381647
002056.SZ,20250626,0.004352935090273569,0.02684925837515051,0.0283051636600129,0.037011033840559815
002065.SZ,20240129,-0.016790188109306103,-0.0671645472588106,-0.08581989017786329,-0.19029891809636568
002074.SZ,20250513,-0.004179715175678056,-0.03718982279181493,-0.0346828321448186,0.012534953234982105
002074.SZ,20250515,0.002603826492846073,0.0034703172488264045,0.05164546159138217,0.12413024357534108
002074.SZ,20250516,0.0008642404238685675,0.048914270824285566,0.15367845044732031,0.0930730478589421
002074.SZ,20250701,-0.019223290534110316,-0.017332578734867155,-0.03435214665347175,-0.04412187819136659
002074.SZ,20250702,0.001927769879723984,-0.015425382733242454,-0.022172577312276176,-0.034706305225932654
002074.SZ,20250827,0.024096385542168752,0.1266604881062714,0.23941921532282984,0.29873339511893726
002081.SZ,20240304,-0.00854786137164909,-0.014244419852083023,-0.011396140611866001,-0.002848279240217022
002092.SZ,20240927,0.04986876640419946,0.052493438320209806,0.0,-0.02887139107611547
002092.SZ,20250117,0.0,0.002293577981651307,0.004587155963302614,0.020642201834862428
002092.SZ,20250120,0.002293577981651307,0.004587155963302614,0.022935779816513735,0.03440366972477049
002092.SZ,20250121,0.0022883295194506825,0.020594965675057253,0.01830663615560635,0.029748283752860427
002092.SZ,20250122,0.0182648401826484,0.01598173515981749,0.029680365296803624,0.027397260273972712
002092.SZ,20250123,-0.0022421524663677195,0.011210762331838486,0.008968609865470878,0.017937219730941756
002092.SZ,20250124,0.01348314606741563,0.011235955056179803,0.011235955056179803,0.04269662921348294
002092.SZ,20250127,-0.0022172949002217113,-0.0022172949002217113,0.006651884700665134,0.02882483370288247
002092.SZ,20250212,-0.015250544662309462,-0.015250544662309462,-0.02178649237472763,-0.023965141612200314
002092.SZ,20250213,0.0,-0.006637168141592764,-0.015486725663716672,-0.006637168141592764
002092.SZ,20250214,-0.006637168141592764,-0.015486725663716672,-0.008849557522123686,-0.006637168141592764
002092.SZ,20250217,-0.008908685968819552,-0.00222717149220486,0.0,-0.015590200445434355
002092.SZ,20250218,0.006741573033707926,0.008988764044943753,0.008988764044943753,-0.0022471910112359383
002129.SZ,20240104,-0.027436669619131937,-0.04252258635961037,-0.0034295837023915476,0.0418352524357839
002129.SZ,20250213,0.006688963210702115,0.02006688963210701,-0.00891861761426982,-0.0022296544035675936
002136.SZ,20241029,0.025922233300099684,0.02193419740777669,0.012961116650049842,0.048853439680957234
002138.SZ,20240516,0.015174494779052639,0.002334537658315705,-0.01167268829157897,-0.028018422201929627
002138.SZ,20241009,0.004998107053410195,-0.03567476265361991,0.014987040596423862,-0.006064709651115496
002138.SZ,20241106,-0.011686218899058853,-0.01673971896351678,0.02147737527394611,0.027794250354518546
002138.SZ,20250514,-0.022580645161290325,-0.02616487455197125,-0.03655913978494618,-0.03584229390681004
002145.SZ,20250529,-0.018604651162790753,-0.027906976744186074,-0.013953488372092981,-0.018604651162790753
002146.SZ,20250124,-0.014285714285714346,-0.0071428571428571175,0.04285714285714293,0.1357142857142859
002157.SZ,20240603,0.02180685358255441,0.01869158878504673,0.0,0.04049844236760114
002157.SZ,20240605,-0.01834862385321101,0.006116207951070374,0.021406727828746197,0.04892966360856277
002163.SZ,20240927,0.09777777777777774,0.1585185185185185,0.04296296296296287,0.028148148148148255
002174.SZ,20240617,0.0023585213602268507,-0.020046838073917828,-0.07429164238311559,-0.11910354822742941
002179.SZ,20241231,-0.043511696301453795,-0.060050713417232116,-0.07480748646429791,-0.07073638375923608
002179.SZ,20251218,0.020017926501344485,0.021213026590977124,-0.0011951000896325281,0.042426053181954027
002183.SZ,20240129,-0.03125113329481122,-0.10817495412422595,-0.11779012951595313,-0.23076904479264637
002203.SZ,20240408,0.012270109375652094,0.0,0.001022152342441185,0.0
002203.SZ,20240520,-0.017039278965938043,-0.035143164501223345,-0.08626211617031465,-0.08626211617031465
002203.SZ,20240715,-0.0036765224664258023,-0.012444502598323859,-0.01745129505696308,-0.03622644607531866
002203.SZ,20240902,-0.00861007214559717,-0.01722014429119445,-0.00861007214559717,-0.03690102955284358
002203.SZ,20241118,-0.011259092349104383,-0.007164781584308444,-0.0204705048076419,-0.03172959715674606
002210.SZ,20250604,-0.003831417624520994,-0.02298850574712641,-0.03065134099616862,-0.03448275862068961
002210.SZ,20250813,-0.02208201892744477,-0.02208201892744477,-0.03154574132492116,-0.034700315457413256
002223.SZ,20250429,0.005836947249745039,0.021015396178693413,0.020430806673864765,0.034150764440255665
002228.SZ,20250319,0.016180163431789962,0.0032360326863578592,-0.016180163431790184,0.016180163431789962
002228.SZ,20250321,-0.01935356734163296,-0.006451189113877653,0.012902378227755307,0.006451189113877653
002228.SZ,20250321,-0.01935356734163296,-0.006451189113877653,0.012902378227755307,0.006451189113877653
002228.SZ,20250324,0.013157013372066206,0.03289253343016574,0.03618178677318262,0.0
002239.SZ,20240228,0.049620676304056976,0.05343883093931989,0.03053757010492264,0.026719415469659946
002239.SZ,20240312,0.0035100208275331557,-0.017543055903072702,0.021053076730605857,0.0315796150959089
002239.SZ,20240321,0.003320097434015068,-0.009966965864727007,0.029900897594180575,-0.01993393172945379
002239.SZ,20240402,-0.06306137837430259,-0.08408384858995632,-0.09309304780576089,-0.135134972100739
002249.SZ,20250710,0.021374139910465884,0.03511399798124559,0.032061209865698714,0.03511399798124559
002266.SZ,20240705,-0.02518286731564312,0.007194060513453948,-0.010791090770181255,0.014388121026908118
002282.SZ,20251024,0.005390835579514919,0.010781671159029615,0.009433962264151052,-0.0013477088948786742
002295.SZ,20240417,-0.039214802640299085,-0.12679664925907264,-0.2104564854332901,-0.22091429631789627
002310.SZ,20240318,-0.02285714285714291,-0.011428571428571455,-0.02285714285714291,-0.05714285714285716
002340.SZ,20250624,0.006338291064707846,0.0,0.0,0.006338291064707846
002340.SZ,20250625,-0.006298370161391675,-0.006298370161391675,0.0,0.007874554807442813
002348.SZ,20240308,0.02960526315789469,0.03289473684210531,0.02960526315789469,0.1217105263157896
002348.SZ,20240408,0.09999999999999987,0.06874999999999987,0.08124999999999982,-0.050000000000000044
002348.SZ,20240913,-0.0344827586206895,-0.004310344827586077,-0.017241379310344862,0.02155172413793105
002352.SZ,20240923,0.018370121224861702,0.026358349099572465,0.0798710671992151,0.19755027678508852
002352.SZ,20250227,0.0016811830038769848,0.01128549232194409,0.004080422305328346,0.017287266631703213
002352.SZ,20250227,0.0016811830038769848,0.01128549232194409,0.004080422305328346,0.017287266631703213
002352.SZ,20250304,0.009086892956254644,0.013153173822523678,0.007651735003453508,0.012196401853989736
002353.SZ,20240220,0.018908459566024494,0.060927258601634726,0.005252349879451446,0.02416080944547594
002384.SZ,20250225,-0.002006669733210731,-0.028389489420423075,-0.08058590156393741,-0.1365081646734131
002409.SZ,20241106,0.012735903849579122,0.033297968729429916,0.10557031231849812,0.07641542309747473
002421.SZ,20260107,0.01730103806228378,0.02422145328719716,0.08996539792387526,0.09342560553633228
002428.SZ,20240410,0.016211355656418736,-0.0068339470754473775,-0.057172218891838655,-0.11433587394022426
002434.SZ,20250513,0.0037834151559235085,-0.010087401112377825,0.002521850278094373,-0.013870816268301334
002436.SZ,20250701,-0.03383458646616544,-0.006766917293233088,-0.012030075187969946,0.04060150375939853
002438.SZ,20241024,-0.005428625377643437,0.020172457200402727,-0.013186052366566003,0.05197318731117839
002438.SZ,20250704,0.008675078864353258,0.010252365930599527,0.029968454258675115,0.01971608832807581
002438.SZ,20250704,0.008675078864353258,0.010252365930599527,0.029968454258675115,0.01971608832807581
002438.SZ,20250721,0.027126099706744844,-0.00513196480938416,-0.012463343108504388,0.03445747800586507
002438.SZ,20250806,0.036236933797909376,0.03135888501742157,0.01672473867595814,0.024390243902439046
002438.SZ,20260129,0.044242424242424194,0.013939393939393918,0.040000000000000036,0.035757575757575655
002468.SZ,20240314,0.03198983743966588,0.030805559771366342,0.0035540280378634215,0.0462083396570494
002470.SZ,20250710,0.0,-0.005434782608695676,-0.05978260869565222,-0.0652173913043479
002475.SZ,20240229,0.02755680666757554,0.015589363418974767,0.02211839957553896,-0.01450241891209747
002492.SZ,20240319,0.00602516684918486,0.012048267454594308,-0.006023100605409337,-0.024096534909188394
002493.SZ,20241111,0.0010013138451361314,0.020025265474597598,0.006005860214564285,-0.01001010416698267
002505.SZ,20240116,-0.03947368421052633,-0.046052631578947456,-0.05921052631578949,-0.09868421052631571
002506.SZ,20240318,-0.010948905109489093,-0.007299270072992692,-0.018248175182481896,-0.054744525547445355
002506.SZ,20240320,-0.011029411764705954,-0.03308823529411775,-0.04779411764705899,-0.08088235294117652
002507.SZ,20240927,0.08837789167474708,0.08142256180692753,0.004177572341992342,0.0048701890479070364
002517.SZ,20240905,0.02350450542424065,0.010684061490846775,0.025640887866787754,0.011752252712120104
002517.SZ,20241029,0.0081693611619309,-0.008908636075122378,-0.014845237650748633,0.005197326662434998
002532.SZ,20250423,0.003979377696898823,0.017242120651846715,0.0026519937805753457,-0.013262742954948004
002532.SZ,20250520,0.027534175571599873,0.005723851957340154,-0.0019725234163530114,-0.030195184267980513
002532.SZ,20250930,0.04746058157039856,0.018980711160411667,0.008627595982005243,0.02588278794601595
002532.SZ,20251010,-0.010160266102207549,-0.024553976413667966,0.006773510734805033,0.00423344420925309
002536.SZ,20240509,-0.030228787284843683,-0.05541498877445561,-0.05625245001960011,-0.0764049748761626
002538.SZ,20250424,-0.006699788445779453,-0.10552681115442775,-0.19430415119440714,-0.14740391769615058
002555.SZ,20240816,-0.0052683407188576226,-0.03160183817495488,-0.041383554899064534,-0.07298539307401941
002563.SZ,20251127,0.02533783783783794,0.1283783783783783,0.057432432432432456,-0.030405405405405372
002567.SZ,20250211,0.00203252032520318,0.03252032520325199,0.016260162601626105,-0.004065040650406471
002586.SZ,20241101,0.030303030303030276,0.054545454545454675,0.07272727272727275,0.18181818181818188
002586.SZ,20241113,0.032863849765258246,-0.018779342723004744,-0.06572769953051638,-0.04694835680751175
002586.SZ,20241115,-0.04784688995215303,-0.04784688995215303,-0.028708133971291905,-0.08133971291866027
002586.SZ,20241118,0.0,0.02010050251256268,0.005025125628140614,0.015075376884422065
002588.SZ,20250314,0.006887121012485231,0.012396817822473372,0.0082645452149821,0.0055096968099881405
002588.SZ,20250320,-0.009498058012662125,0.018996116025324472,0.025780443177226164,0.02985103946836687
002588.SZ,20250328,0.001355026841302287,0.012195241571719029,0.006775134206510547,-0.05962118101729297
002588.SZ,20250403,-0.07589953319287812,0.015978849093237546,0.03861555197532396,0.01997356136654682
002597.SZ,20240913,-0.026664586125236367,-0.009775485102711534,-0.03155232867659208,0.014222642410001152
002597.SZ,20241010,0.011948047369093606,0.008109334990458184,-0.02219489728910229,-0.030304232279560472
002617.SZ,20250516,0.006756756756756799,0.010810810810810922,0.11216216216216224,0.05135135135135127
002617.SZ,20250911,-0.01588983050847459,-0.004237288135593098,0.041313559322033955,0.1228813559322035
002617.SZ,20250912,0.011840688912809538,0.0581270182992466,0.16361679224973114,0.08180839612486568
002648.SZ,20241225,-0.00870008515215348,-0.009243490341953042,0.03153990946981566,0.013047326670550863
002650.SZ,20250312,-0.002178649237472685,0.008714596949891185,0.04357298474945548,0.065359477124183
002650.SZ,20250313,0.01091703056768556,0.04585152838427953,0.09825327510917026,0.08951965065502177
002683.SZ,20240919,-0.0048262356356117975,-0.01738140681538025,0.010139568173684887,0.025334009304545102
002685.SZ,20250414,0.00454545454545463,0.00909090909090926,0.06363636363636371,0.056060606060606144
002685.SZ,20250418,0.020497803806734938,0.017569546120058677,0.004392386530014614,-0.013177159590043952
002698.SZ,20250827,-0.01957397812320094,-0.02878526194588371,-0.04605641911341396,-0.07714450201496836
002701.SZ,20250904,0.043087971274685666,0.06283662477558338,0.05206463195691202,0.0574506283662477
002705.SZ,20241210,0.015489832603078346,0.030305583642287415,0.007407875519604534,-0.003370407819346166
002709.SZ,20250715,-0.006523607952381494,0.057607974144966434,0.05054027879038481,0.04999619138818456
002709.SZ,20250721,0.0062518249697576245,-0.0036447253159804793,0.03646289575772754,0.038543361281441646
002709.SZ,20250723,0.0402543370751236,0.03711437318470834,0.04234241306224984,0.01986550488002714
002709.SZ,20250725,0.005040948243237198,-0.0010041528532573896,-0.016631597006716126,-0.045863041624406464
002709.SZ,20250729,-0.015643152269444016,-0.04692440574205203,-0.044903979230015434,-0.03834769519845638
002714.SZ,20250827,0.0,0.008441189869825338,0.005504230864022297,-0.012110054743571408
002719.SZ,20241023,-0.0131386861313868,-0.0029197080291970545,0.0627737226277374,0.0627737226277374
002719.SZ,20241023,-0.0131386861313868,-0.0029197080291970545,0.0627737226277374,0.0627737226277374
002721.SZ,20240229,0.04819277108433728,0.08032128514056214,0.13253012048192758,0.14859437751004
002721.SZ,20240229,0.04819277108433728,0.08032128514056214,0.13253012048192758,0.14859437751004
002721.SZ,20240229,0.04819277108433728,0.08032128514056214,0.13253012048192758,0.14859437751004
002721.SZ,20240304,0.048327137546468446,0.1003717472118959,0.0631970260223047,0.10780669144981414
002721.SZ,20240304,0.048327137546468446,0.1003717472118959,0.0631970260223047,0.10780669144981414
002721.SZ,20240304,0.048327137546468446,0.1003717472118959,0.0631970260223047,0.10780669144981414
002721.SZ,20240304,0.048327137546468446,0.1003717472118959,0.0631970260223047,0.10780669144981414
002721.SZ,20240304,0.048327137546468446,0.1003717472118959,0.0631970260223047,0.10780669144981414
002721.SZ,20240304,0.048327137546468446,0.1003717472118959,0.0631970260223047,0.10780669144981414
002721.SZ,20240304,0.048327137546468446,0.1003717472118959,0.0631970260223047,0.10780669144981414
002721.SZ,20240408,0.0,-0.01650165016501648,-0.013201320132013028,-0.06270627062706269
002721.SZ,20240408,0.0,-0.01650165016501648,-0.013201320132013028,-0.06270627062706269
002721.SZ,20240408,0.0,-0.01650165016501648,-0.013201320132013028,-0.06270627062706269
002721.SZ,20240408,0.0,-0.01650165016501648,-0.013201320132013028,-0.06270627062706269
002721.SZ,20240408,0.0,-0.01650165016501648,-0.013201320132013028,-0.06270627062706269
002721.SZ,20240520,-0.02499999999999991,-0.02857142857142847,0.0035714285714285587,-0.03214285714285714
002721.SZ,20240520,-0.02499999999999991,-0.02857142857142847,0.0035714285714285587,-0.03214285714285714
002721.SZ,20240521,-0.003663003663003539,0.029304029304029422,-0.003663003663003539,0.00366300366300365
002721.SZ,20240521,-0.003663003663003539,0.029304029304029422,-0.003663003663003539,0.00366300366300365
002721.SZ,20240522,0.03308823529411753,0.0,-0.003676470588235392,0.018382352941176405
002721.SZ,20240522,0.03308823529411753,0.0,-0.003676470588235392,0.018382352941176405
002721.SZ,20240523,-0.03202846975088958,-0.03558718861209964,-0.02491103202846967,-0.017793594306049876
002721.SZ,20240523,-0.03202846975088958,-0.03558718861209964,-0.02491103202846967,-0.017793594306049876
002721.SZ,20241230,-0.011070110701106972,-0.029520295202952074,-0.07749077490774903,-0.08487084870848705
002739.SZ,20240807,0.018416206261510304,-0.02209944751381221,-0.037753222836095834,-0.044198895027624197
002753.SZ,20240319,0.018928456319264875,0.01734998305827129,-0.003153640818822745,-0.012617868978455071
002756.SZ,20240906,0.005040678010368671,0.02078626741710954,0.08944918186922957,0.01921268788278474
002756.SZ,20240913,-0.02564759619850543,-0.018850518749619627,-0.051605897633835496,0.02286726480094048
002768.SZ,20240308,0.03309203169558539,0.04096777472806745,0.04201644703402296,0.04044343857508981
002793.SZ,20240116,-0.007751937984496138,-0.009689922480620172,-0.013565891472868241,-0.08139534883720934
002809.SZ,20240314,0.029126077973467,0.0436891169602005,0.05582540607741482,0.06432093544794548
002815.SZ,20240925,0.03571447006416095,0.08673495723451574,0.1951533311653788,0.1989795128296452
002815.SZ,20250214,0.029987256066372536,0.006857449999566612,0.06940675688562536,0.08312165688475837
002838.SZ,20250324,0.0544051731428532,0.0323841865245873,0.13535913399298716,0.09714605411242716
002839.SZ,20241120,-0.004442783096472391,-0.03999933334444428,-0.04222072489268047,-0.024442449768694363
002840.SZ,20250716,0.0009496676163343043,-0.0018993352326684976,0.01804368471035156,0.021842355175688555
002849.SZ,20250820,-0.013563501849568338,0.006165228113440335,0.011097410604192337,-0.03452527743526501
002850.SZ,20240219,0.010178315803568871,0.014960609838135186,0.027297334349305036,0.05737158743468185
002859.SZ,20250127,0.012209436318517453,0.07749615440273994,0.06581733011035662,0.08067982655954387
002863.SZ,20240716,-0.038660494098711085,-0.030928395278968845,-0.036083127825463635,-0.04896995919170066
002916.SZ,20240314,0.06389132340052583,0.09774998008126845,0.09774998008126845,0.07202613337582675
002926.SZ,20250725,0.01458977337612466,0.010710980724172536,-0.0030223079800744124,-0.013802201264053293
002926.SZ,20250728,-0.003823015718998568,-0.01735882010479317,-0.03184746749466327,-0.03667863380555014
002926.SZ,20250729,-0.013587750569808876,-0.02813200085714851,-0.024253404242884802,-0.02716186468743298
002948.SZ,20240131,-0.012655930584138386,-0.01898732009985038,-0.034807233330023335,0.028482692261597053
002998.SZ,20250319,0.002940086899738681,-0.0058833132409082944,-0.026470200421940926,0.02205771549125979
300015.SZ,20240115,-0.008910610568069077,-0.035663691741039893,-0.017828304292392683,-0.054179062190111926
300015.SZ,20250117,0.0024143877802416114,-0.002422599983575524,-0.009665763324299803,-0.003227395910322617
300015.SZ,20251110,-0.0056116722783389195,-0.015236295811835388,-0.01283013992846116,-0.02566027985692254
300015.SZ,20251113,-0.004874856862424504,-0.01299689186978581,-0.014624570587273067,-0.03249631931948316
300019.SZ,20240617,0.009517071899318719,-0.010991547827381987,0.022705439922552806,-0.03223740551811449
300054.SZ,20250728,-0.0023931623931624513,-0.009914529914529902,-0.029401709401709386,-0.042735042735042694
300059.SZ,20240913,0.004821488960819353,0.036610464273636456,0.036610464273636456,0.15221991400550738
300059.SZ,20250522,-0.021196420160150664,-0.0202543570419218,-0.025435704192180886,-0.017899199246349418
300059.SZ,20250728,0.0024875621890547706,-0.0128524046434495,-0.036898839137645134,-0.03192371475953559
300068.SZ,20240712,-0.01418556242841329,-0.00236524543115213,-0.005911340530330378,0.008273039866383058
300068.SZ,20240712,-0.01418556242841329,-0.00236524543115213,-0.005911340530330378,0.008273039866383058
300114.SZ,20240506,0.021780303030302983,-0.005681818181818232,0.01846590909090917,-0.0033143939393939226
300124.SZ,20241112,-0.0035497426558308565,-0.03709781350785024,-0.05838815389035246,-0.05032291783327736
300125.SZ,20250325,0.16486486486486474,0.21756756756756745,0.2608108108108107,0.18918918918918926
300125.SZ,20250327,0.035516093229744694,-0.06992230854605985,-0.023307436182019914,-0.10654827968923408
300125.SZ,20250331,0.05011933174224348,0.051312649164677815,-0.039379474940334114,-0.20286396181384259
300138.SZ,20240105,-0.020043821140140694,-0.017734114836698955,-0.020811086590256545,-0.033925788820072356
300146.SZ,20250819,0.016286644951140072,0.01384364820846895,0.010586319218241158,0.025244299674267223
300157.SZ,20241206,0.10025706940874035,0.06426735218508983,0.03341902313624656,-0.015424164524421635
300159.SZ,20250417,0.005681818181818121,0.022727272727272707,0.022727272727272707,0.017045454545454586
300159.SZ,20250418,0.016949152542372836,0.016949152542372836,0.04519774011299438,0.005649717514124353
300159.SZ,20251016,0.0034482758620690834,0.07931034482758625,0.0620689655172415,0.048275862068965614
300159.SZ,20251024,0.016778523489932917,0.010067114093959662,-0.01342281879194629,0.003355704697986628
300171.SZ,20251027,0.088829071332436,0.15410497981157456,0.13324360699865423,0.21063257065948848
300200.SZ,20250605,-0.0320754716981132,-0.024528301886792447,-0.0877358490566037,-0.08867924528301885
300225.SZ,20250328,-0.04098349405560897,0.023224437472034953,0.009563730294021688,-0.1680323256279972
300251.SZ,20250627,0.015531062124248374,-0.011523046092184352,-0.019539078156312617,-0.03456913827655317
300274.SZ,20240708,0.0022355061749257388,-0.009973525974117381,0.0287183332629235,0.10077380197991914
300284.SZ,20250611,0.0011211190520588055,-0.02354237672745585,-0.015694543363042768,-0.029147971987750876
300284.SZ,20251205,0.0,-0.017031630170316392,-0.009732360097323589,-0.030413625304136382
300285.SZ,20240730,0.03275285179500198,0.022378170654946627,-0.015283191801848672,-0.03766136245679508
300290.SZ,20241029,0.03001154290111585,0.005771450557906954,-0.19545979222777987,0.01808387841477499
300296.SZ,20250808,0.03370786516853941,0.022471910112359605,0.022471910112359605,0.057784911717496
300296.SZ,20250904,0.03988603988603989,0.035612535612535634,0.014245014245014342,0.02991452991453003
300299.SZ,20240130,-0.08193277310924363,-0.09663865546218486,-0.13235294117647056,-0.22899159663865543
300301.SZ,20251029,0.022522522522522515,0.04954954954954949,0.06756756756756754,0.072072072072072
300308.SZ,20241206,-0.04874283530760415,-0.0635689721054643,-0.04851356515093619,-0.033534581581963985
300315.SZ,20260105,0.003875968992248069,-0.0019379844961240345,0.003875968992248069,0.15697674418604635
300315.SZ,20260121,0.008474576271186418,0.035593220338983045,0.006779661016949268,0.0
300316.SZ,20241114,-0.05894444171181967,-0.10921121779853415,-0.07859086308083008,-0.08445967810831023
300346.SZ,20250211,0.032700546444601075,-0.004481930324325867,-0.014766445175305565,-0.026633193080282336
300346.SZ,20250307,0.01082442729052624,-0.0030926935115789256,-0.025259075434286515,-0.030153761737894302
300346.SZ,20250613,0.002294303797468311,-0.00557423523206757,-0.008524525316455644,-0.003932621308016859
300346.SZ,20250620,0.012178695886711832,0.02172308690227598,0.03291557317642235,0.02336787273262786
300346.SZ,20250711,-0.002567613830879778,-0.006743619721857996,-0.0035332950075250835,0.026021716522514282
300383.SZ,20240520,-0.003289176659729387,-0.006579454483389036,-0.03508748747426027,-0.04166694195764942
300393.SZ,20240315,0.012889359169367065,0.004296453056455762,0.010741132641139295,-0.03222339792341766
300401.SZ,20250717,-0.008690254500310246,0.0266914959652389,0.02358783364369943,0.03724394785847318
300410.SZ,20250318,-0.011784511784511786,-0.006734006734006703,-0.04208754208754206,-0.11616161616161624
300415.SZ,20250109,0.011419647898428753,-0.003972714925912113,0.035255937453901876,0.023836289555473122
300415.SZ,20250113,0.039385118226852533,0.01346202951841069,0.027919922373729644,0.03838925488994427
300415.SZ,20250630,0.01588089330024811,0.0029776674937966874,0.015384615384615552,-0.002481389578163684
300423.SZ,20240918,0.02499999999999991,0.005769230769230749,0.0038461538461538325,0.05769230769230771
300427.SZ,20250521,0.04013961605584626,-0.005235602094240899,0.038394415357766,0.0139616055846421
300427.SZ,20250521,0.04013961605584626,-0.005235602094240899,0.038394415357766,0.0139616055846421
300427.SZ,20250611,-0.049575070821529676,-0.06090651558073645,-0.053824362606232246,-0.09631728045325771
300433.SZ,20240219,-0.006902556369381085,-0.0017323711044091583,0.01380511273876217,0.018984274019818947
300433.SZ,20240301,0.002400740228237108,0.008811050073772808,0.005610063102789997,-0.0048098163600444055
300433.SZ,20240319,0.0,0.017190974543984217,0.008218389910896295,0.002985678075481779
300433.SZ,20240508,0.0069426885037457975,-0.003474956472738655,0.018747426292633262,0.0027741856248058028
300433.SZ,20240612,0.02057896743893539,0.03858221886226931,0.0932476099362427,0.10674837596087583
300433.SZ,20240702,0.009046584712080419,0.040703854330344624,0.002830668268786418,0.10006123486458995
300433.SZ,20250210,0.02277723384996211,0.05386732676925354,0.02169471486893393,0.026032180001108296
300433.SZ,20250220,-0.0041291673841461485,0.027509040240932592,0.015128566458509907,-0.012380473782422685
300440.SZ,20250415,0.01818136047244745,0.022727558795629266,-0.004546198323181816,-0.003408790537316464
300440.SZ,20250418,0.014841185179735872,0.0011426022824458926,0.03424703199286405,0.03538848477603174
300442.SZ,20250820,-0.009512012464995445,0.04509510237835812,0.06746607796300963,0.06182985565166166
300459.SZ,20251112,0.0021141649048626032,-0.014799154334038112,0.019027484143763207,0.02114164904862581
300462.SZ,20250429,-0.016538037486218293,0.04189636163175292,0.03969128996692395,0.055126791620727644
300473.SZ,20240312,0.014621741894469187,-0.005085823267641398,0.022250476795931284,0.05149396058486966
300476.SZ,20250918,-0.016939721792890272,-0.025162287480680057,-0.029366306027820754,-0.07449768160741888
300476.SZ,20250918,-0.016939721792890272,-0.025162287480680057,-0.029366306027820754,-0.07449768160741888
300476.SZ,20250918,-0.016939721792890272,-0.025162287480680057,-0.029366306027820754,-0.07449768160741888
300476.SZ,20250918,-0.016939721792890272,-0.025162287480680057,-0.029366306027820754,-0.07449768160741888
300476.SZ,20250918,-0.016939721792890272,-0.025162287480680057,-0.029366306027820754,-0.07449768160741888
300482.SZ,20240425,-0.00484221393571449,-0.0063330148848963486,0.03131067213165273,0.11927178033221364
300482.SZ,20240516,0.01182321950939036,0.0038236795009092273,0.0048694414696728305,-0.016340479972400512
300482.SZ,20240520,0.0010417785415099967,-0.005885511760283513,-0.020087351877707382,-0.03221279490208706
300496.SZ,20240228,0.05257689693113088,0.08936267879543913,0.10029539354269024,0.07392021921494685
300498.SZ,20250729,0.0,-0.01815046371060758,-0.01815046371060758,-0.005675264153555237
300498.SZ,20250730,-0.01815046371060758,-0.01815046371060758,-0.012480967101924034,-0.005675264153555237
300498.SZ,20260209,-0.005667506297229341,-0.006926952141057985,-0.021410579345088276,-0.03400503778337538
300498.SZ,20260209,-0.005667506297229341,-0.006926952141057985,-0.021410579345088276,-0.03400503778337538
300498.SZ,20260209,-0.005667506297229341,-0.006926952141057985,-0.021410579345088276,-0.03400503778337538
300498.SZ,20260209,-0.005667506297229341,-0.006926952141057985,-0.021410579345088276,-0.03400503778337538
300498.SZ,20260209,-0.005667506297229341,-0.006926952141057985,-0.021410579345088276,-0.03400503778337538
300498.SZ,20260209,-0.005667506297229341,-0.006926952141057985,-0.021410579345088276,-0.03400503778337538
300498.SZ,20260209,-0.005667506297229341,-0.006926952141057985,-0.021410579345088276,-0.03400503778337538
300498.SZ,20260209,-0.005667506297229341,-0.006926952141057985,-0.021410579345088276,-0.03400503778337538
300506.SZ,20250312,0.008403361344537785,-0.0056022408963585235,-0.0056022408963585235,-0.03361344537815114
300506.SZ,20250317,-0.030985915492957705,-0.028169014084506894,0.04788732394366213,-0.04225352112676051
300506.SZ,20250321,-0.011627906976744207,0.005813953488372103,0.04069767441860472,0.02034883720930236
300536.SZ,20241218,0.015341701534170138,0.023709902370990132,-0.06136680613668055,-0.1701534170153417
300536.SZ,20250318,0.0073081607795368875,0.03654080389768555,0.07551766138855043,0.07795371498172954
300536.SZ,20250319,0.0290205562273278,0.06771463119709797,0.04111245465538094,0.06529625151148744
300536.SZ,20250320,0.03760282021151595,0.011750881316098694,0.0399529964747356,-0.010575793184488869
300540.SZ,20240522,0.023228496920102426,-0.06287374668405199,-0.050857650285508815,-0.047654107279348934
300564.SZ,20240319,0.04305181730118357,0.038160052951203616,0.01565471867527579,-0.008806248585303988
300569.SZ,20250123,0.0,-0.03111250575848401,-0.017779528505331155,0.015554027378114954
300576.SZ,20240712,-0.013260322356137166,-0.015299192729970823,-0.018359031275965054,0.0020388703738336567
300576.SZ,20240712,-0.013260322356137166,-0.015299192729970823,-0.018359031275965054,0.0020388703738336567
300576.SZ,20240716,-0.003107378935209071,0.044017050107263644,0.01760744276413506,-0.045053880954382564
300576.SZ,20240909,0.018117888362553014,0.004372635715117479,-0.025304187437312442,-0.00968441140341314
300601.SZ,20260319,-0.004940014114326097,-0.07057163020465773,-0.03599153140437539,
300601.SZ,20260319,-0.004940014114326097,-0.07057163020465773,-0.03599153140437539,
300601.SZ,20260319,-0.004940014114326097,-0.07057163020465773,-0.03599153140437539,
300601.SZ,20260319,-0.004940014114326097,-0.07057163020465773,-0.03599153140437539,
300601.SZ,20260319,-0.004940014114326097,-0.07057163020465773,-0.03599153140437539,
300601.SZ,20260319,-0.004940014114326097,-0.07057163020465773,-0.03599153140437539,
300604.SZ,20240621,-0.04784905169751841,-0.0859859257935024,-0.07339064861614464,-0.12156473972469162
300611.SZ,20241024,0.02960447424717727,0.044886369087019595,0.02578639882579803,0.036290902811753734
300613.SZ,20240606,-0.006728795985490144,0.07584125333439995,0.05810393789939727,0.12477039945111246
300613.SZ,20240606,-0.006728795985490144,0.07584125333439995,0.05810393789939727,0.12477039945111246
300613.SZ,20240731,0.07648551856623853,0.08910400243745609,-0.012621065922347463,-0.004895568942056339
300613.SZ,20240731,0.07648551856623853,0.08910400243745609,-0.012621065922347463,-0.004895568942056339
300627.SZ,20251229,0.016119402985074638,0.04208955223880584,0.0880597014925375,0.2176119402985075
300636.SZ,20241016,-0.0012201708730237293,0.02930496906609048,0.03785107532161458,0.07692354905234211
300638.SZ,20240821,-0.02298768197088452,-0.016797312430011146,-0.028291153415453518,-0.04332362821948477
300671.SZ,20250731,0.004047322540473353,0.015566625155666314,0.017123287671233056,0.25155666251556674
300672.SZ,20240318,-0.012734487922277826,-0.00636637637100923,-0.0032690796083350016,-0.08449460272180365
300672.SZ,20240319,0.0064502522101341775,0.009587500219695233,-0.018651246990175174,-0.07965797845229095
