trade_date,ts_code,name,signal,direction,close,pct_chg,volume_ratio,turnover_rate_f,main_net_pct,winner_rate,rsi_6,bull_count
20260324,000720.SZ,新能泰山,S1_首板涨停+主力大幅流入,LONG,4.14,10.1064,0.53,3.5372,5.216073376024159,56.55,57.852,3
20260324,603759.SH,海天股份,S1_首板涨停+主力大幅流入,LONG,10.13,9.9891,1.08,3.0554,6.572586738261825,15.78,53.311,2
20260324,000720.SZ,新能泰山,S2_主力净流入5~10pct,LONG,4.14,10.1064,0.53,3.5372,5.216073376024159,56.55,57.852,3
20260324,002309.SZ,中利集团,S2_主力净流入5~10pct,LONG,4.61,10.0239,0.33,2.5469,7.310811372280914,97.32,92.058,4
20260324,603759.SH,海天股份,S2_主力净流入5~10pct,LONG,10.13,9.9891,1.08,3.0554,6.572586738261825,15.78,53.311,2
20260324,920344.BJ,三元基因,S3_极低获利+放量,LONG,19.73,5.4516,1.56,1.9359,,2.91,30.505,2
20260324,605388.SH,均瑶健康,S3_极低获利+放量,LONG,6.32,4.8093,1.53,3.6685,-0.15857566977062218,4.73,40.495,2
20260324,002907.SZ,华森制药,S3_极低获利+放量,LONG,13.28,3.1056,1.69,3.2529,-1.2985366754968883,3.95,32.361,2
20260324,920039.BJ,国义招标,S3_极低获利+放量,LONG,9.44,1.8339,1.6,2.7639,,2.63,18.478,2
20260324,603868.SH,飞科电器,S3_极低获利+放量,LONG,33.0,0.9174,1.57,4.6167,0.4073253113785096,1.92,17.779,4
20260324,300741.SZ,华宝股份,S3_极低获利+放量,LONG,15.38,0.7864,1.53,4.7899,-1.2583036431240775,4.51,14.622,2
20260324,002997.SZ,瑞鹄模具,S3_极低获利+放量,LONG,30.16,0.6004,1.59,2.566,-2.2679408100443057,3.37,20.651,2
20260324,000736.SZ,*ST中地,S3_极低获利+放量,LONG,4.78,0.2096,2.09,3.8334,-0.9493206801206496,4.28,11.883,2
20260324,002698.SZ,博实股份,S3_极低获利+放量,LONG,13.39,0.0747,1.77,2.4853,0.7019866471258753,4.14,9.852,4
20260324,000785.SZ,居然智家,S3_极低获利+放量,LONG,2.52,0.0,1.59,4.9898,-3.24668653767258,4.95,10.95,2
20260324,688522.SH,纳睿雷达,S3_极低获利+放量,LONG,32.65,-1.2103,1.77,4.2425,-0.29597404777895076,4.92,13.718,2
20260324,603100.SH,川仪股份,S3_极低获利+放量,LONG,19.02,-1.3485,2.45,7.4698,0.16168358026283838,4.85,5.651,4
20260324,002003.SZ,伟星股份,S3_极低获利+放量,LONG,9.61,-1.4359,1.75,2.1239,0.28573552841210814,4.02,16.878,4
20260324,920735.BJ,德源药业,S3_极低获利+放量,LONG,29.62,-1.7579,2.07,4.0339,,4.76,9.712,2
20260324,002472.SZ,双环传动,S3_极低获利+放量,LONG,36.45,-2.1739,1.6,3.4778,-0.6598375845378723,4.42,17.276,2
20260324,300335.SZ,迪森股份,S4_一字涨停,LONG,8.4,20.0,2.06,31.7598,1.791267351266404,93.17,70.909,6
20260324,301226.SZ,祥明智能,S4_一字涨停,LONG,42.96,20.0,1.28,33.862,1.1801837027281026,95.84,67.455,3
20260324,688551.SH,科威尔,S4_一字涨停,LONG,47.34,20.0,1.21,9.8874,1.5525972089388003,91.74,63.171,2
20260324,300385.SZ,雪浪环境,S4_一字涨停,LONG,18.73,19.9872,1.62,13.4861,0.7534517107348275,99.27,90.839,5
20260324,002663.SZ,普邦股份,S4_一字涨停,LONG,2.26,10.2439,1.19,5.5526,0.8559839307402448,64.03,52.701,3
20260324,000720.SZ,新能泰山,S4_一字涨停,LONG,4.14,10.1064,0.53,3.5372,5.216073376024159,56.55,57.852,3
20260324,600666.SH,奥瑞德,S4_一字涨停,LONG,4.8,10.0917,1.06,18.5779,0.6854139849274445,75.01,65.715,5
20260324,002323.SZ,雅博股份,S4_一字涨停,LONG,2.62,10.084,0.54,11.3755,4.031726300971792,63.05,54.391,3
20260324,600510.SH,黑牡丹,S4_一字涨停,LONG,8.42,10.0654,1.56,3.4716,0.26624896662750736,18.27,43.856,3
20260324,000539.SZ,粤电力Ａ,S4_一字涨停,LONG,6.78,10.0649,1.76,34.8677,0.2912190082644631,99.11,75.449,5
20260324,002631.SZ,德尔未来,S4_一字涨停,LONG,6.89,10.0639,1.03,7.7471,0.6112771760468636,53.56,49.7,3
20260324,600698.SH,湖南天雁,S4_一字涨停,LONG,7.44,10.0592,2.65,5.6505,1.9791033992255502,83.15,48.887,4
20260324,000677.SZ,恒天海龙,S4_一字涨停,LONG,4.93,10.0446,1.03,14.88,2.2374049228647093,82.17,58.199,5
20260324,603527.SH,众源新材,S4_一字涨停,LONG,10.41,10.0423,0.93,13.9891,0.5213660766452193,33.52,38.547,2
20260324,002645.SZ,华宏科技,S4_一字涨停,LONG,16.45,10.0334,1.21,10.2705,1.323225124628895,54.32,53.137,3
20260324,603017.SH,中衡设计,S4_一字涨停,LONG,13.93,10.0316,0.83,12.1264,1.3709739126276272,94.17,61.453,5
20260324,002795.SZ,永和智控,S4_一字涨停,LONG,7.35,10.0299,1.07,6.5147,1.7297591547034967,25.08,46.676,2
20260324,002887.SZ,绿茵生态,S4_一字涨停,LONG,11.3,10.0292,1.67,7.7374,1.2881345237719657,34.86,51.453,4
20260324,000509.SZ,华塑控股,S4_一字涨停,LONG,4.5,10.0244,1.15,14.0137,4.205977592374319,94.51,66.51,4
20260324,000811.SZ,冰轮环境,S4_一字涨停,LONG,18.11,10.0243,2.11,5.7728,0.9765572854725919,22.88,46.364,3
20260324,002309.SZ,中利集团,S4_一字涨停,LONG,4.61,10.0239,0.33,2.5469,7.310811372280914,97.32,92.058,4
20260324,002350.SZ,北京科锐,S4_一字涨停,LONG,15.04,10.0219,0.56,6.7468,4.202980343001093,86.89,72.667,4
20260324,603538.SH,美诺华,S4_一字涨停,LONG,29.44,10.0149,0.6,11.9013,1.5958370534080768,99.65,76.802,4
20260324,601606.SH,长城军工,S4_一字涨停,LONG,39.34,10.0112,1.74,8.1887,2.1636595020500224,28.52,39.864,3
20260324,603937.SH,丽岛新材,S4_一字涨停,LONG,12.31,10.0089,1.16,8.0748,0.6210682973307671,31.63,48.149,3
20260324,002771.SZ,真视通,S4_一字涨停,LONG,15.39,10.0071,1.02,7.8892,1.8951870298841225,43.69,48.002,3
20260324,000415.SZ,渤海租赁,S4_一字涨停,LONG,4.29,10.0,0.98,3.3457,0.9617925218154346,35.42,43.731,2
20260324,605196.SH,华通线缆,S4_一字涨停,LONG,44.33,10.0,1.14,6.176,0.3420545638729433,26.44,40.005,2
20260324,002222.SZ,福晶科技,S4_一字涨停,LONG,64.79,10.0,1.86,7.2821,1.8970158634094112,57.86,59.568,4
20260324,000688.SZ,国城矿业,S4_一字涨停,LONG,35.86,10.0,1.46,11.8094,0.764183440802216,75.83,63.35,2
20260324,002519.SZ,银河电子,S4_一字涨停,LONG,7.92,10.0,1.55,11.4901,3.0085932101032866,65.69,44.815,3
20260324,603929.SH,亚翔集成,S4_一字涨停,LONG,191.18,10.0,0.48,4.6376,0.8736579495920496,99.65,73.421,4
20260324,601869.SH,长飞光纤,S4_一字涨停,LONG,233.31,10.0,1.29,18.126,0.5525750005207158,64.28,59.413,2
20260324,002428.SZ,云南锗业,S4_一字涨停,LONG,44.66,10.0,2.01,16.0313,1.723741274856594,81.31,59.671,4
20260324,603115.SH,海星股份,S4_一字涨停,LONG,35.21,9.9969,0.93,11.7458,0.484597518044901,100.13,73.63,5
20260324,600137.SH,浪莎股份,S4_一字涨停,LONG,21.69,9.9899,1.1,11.6069,0.48164495224114107,48.33,48.624,3
20260324,603759.SH,海天股份,S4_一字涨停,LONG,10.13,9.9891,1.08,3.0554,6.572586738261825,15.78,53.311,2
20260324,600184.SH,光电股份,S4_一字涨停,LONG,15.86,9.9861,1.74,6.2441,0.7579351006294885,14.84,41.316,3
20260324,000065.SZ,北方国际,S4_一字涨停,LONG,14.22,9.9768,1.56,9.3272,1.4560446221031544,99.46,72.442,5
20260324,000722.SZ,湖南发展,S4_一字涨停,LONG,15.11,9.9709,0.85,9.1938,3.9795378160848354,99.85,74.347,5
20260324,600758.SH,辽宁能源,S4_一字涨停,LONG,5.2,9.9366,1.28,19.108,-1.864786539342753,97.6,91.25,2
20260324,600076.SH,康欣新材,S4_一字涨停,LONG,3.45,9.8726,1.36,3.6436,0.422382979241641,12.91,47.484,2
20260324,301226.SZ,祥明智能,S5_机构龙虎榜净买入,LONG,42.96,20.0,1.28,33.862,1.1801837027281026,95.84,67.455,3
20260324,688551.SH,科威尔,S5_机构龙虎榜净买入,LONG,47.34,20.0,1.21,9.8874,1.5525972089388003,91.74,63.171,2
20260324,300335.SZ,迪森股份,S5_机构龙虎榜净买入,LONG,8.4,20.0,2.06,31.7598,1.791267351266404,93.17,70.909,6
20260324,300385.SZ,雪浪环境,S5_机构龙虎榜净买入,LONG,18.73,19.9872,1.62,13.4861,0.7534517107348275,99.27,90.839,5
20260324,300497.SZ,富祥药业,S5_机构龙虎榜净买入,LONG,17.0,19.9718,4.97,23.2453,0.8768270497459386,97.62,69.36,5
20260324,688519.SH,南亚新材,S5_机构龙虎榜净买入,LONG,157.0,18.0274,1.13,8.9446,-0.2830164189759228,99.18,72.736,2
20260324,300391.SZ,长药退,S5_机构龙虎榜净买入,LONG,0.41,17.1429,1.07,27.0834,0.0,75.54,35.623,1
20260324,301183.SZ,东田微,S5_机构龙虎榜净买入,LONG,158.0,16.4591,2.41,23.5282,1.6153251856943842,90.0,60.798,4
20260324,688272.SH,富吉瑞,S5_机构龙虎榜净买入,LONG,39.6,15.5193,3.19,21.6892,-0.41533293948856465,88.44,70.96,3
20260324,301609.SZ,山大电力,S5_机构龙虎榜净买入,LONG,58.81,15.5176,2.16,41.286,0.4059904289665199,91.7,66.307,5
20260324,600666.SH,奥瑞德,S5_机构龙虎榜净买入,LONG,4.8,10.0917,1.06,18.5779,0.6854139849274445,75.01,65.715,5
20260324,600186.SH,莲花控股,S5_机构龙虎榜净买入,LONG,6.77,10.0813,0.94,13.8834,1.457011204308397,80.63,58.264,5
20260324,600510.SH,黑牡丹,S5_机构龙虎榜净买入,LONG,8.42,10.0654,1.56,3.4716,0.26624896662750736,18.27,43.856,3
20260324,600698.SH,湖南天雁,S5_机构龙虎榜净买入,LONG,7.44,10.0592,2.65,5.6505,1.9791033992255502,83.15,48.887,4
20260324,000677.SZ,恒天海龙,S5_机构龙虎榜净买入,LONG,4.93,10.0446,1.03,14.88,2.2374049228647093,82.17,58.199,5
20260324,600821.SH,金开新能,S5_机构龙虎榜净买入,LONG,11.07,10.0398,1.07,40.5896,0.8745942755975215,85.6,63.962,5
20260324,000537.SZ,绿发电力,S5_机构龙虎榜净买入,LONG,11.95,10.0368,1.11,28.0205,0.788843429289064,86.72,65.07,4
20260324,605299.SH,舒华体育,S5_机构龙虎榜净买入,LONG,16.13,10.0273,1.27,38.8695,0.2877582602557491,99.83,77.939,4
20260324,002218.SZ,拓日新能,S5_机构龙虎榜净买入,LONG,7.25,10.0152,1.65,21.4224,1.0991774862347903,98.73,81.333,5
20260324,000688.SZ,国城矿业,S5_机构龙虎榜净买入,LONG,35.86,10.0,1.46,11.8094,0.764183440802216,75.83,63.35,2
20260324,001203.SZ,大中矿业,S5_机构龙虎榜净买入,LONG,40.26,10.0,2.0,14.0853,0.6217997703554785,79.87,67.46,3
20260324,002498.SZ,汉缆股份,S5_机构龙虎榜净买入,LONG,8.8,10.0,1.11,27.2125,3.7725151975683886,33.61,48.954,2
20260324,000601.SZ,韶能股份,S5_机构龙虎榜净买入,LONG,8.06,9.9591,2.4,38.7102,1.0309305898857641,88.98,68.558,6
20260324,002256.SZ,兆新股份,S5_机构龙虎榜净买入,LONG,4.87,7.5055,1.42,33.8819,0.2190379796069007,99.12,84.446,5
20260324,001382.SZ,新亚电缆,S5_机构龙虎榜净买入,LONG,22.88,7.1161,1.0,30.5533,0.0460692716074622,73.85,51.734,4
20260324,601218.SH,吉鑫科技,S5_机构龙虎榜净买入,LONG,7.62,5.9805,1.14,35.1063,-0.1976216517735072,92.18,72.556,3
20260324,603843.SH,*ST正平,S5_机构龙虎榜净买入,LONG,8.95,5.0469,0.7,5.37,-0.47072199872962106,98.45,94.919,2
20260324,600107.SH,ST尔雅,S5_机构龙虎榜净买入,LONG,5.87,5.0089,0.94,1.7551,0.2752945603021202,37.58,64.507,3
20260324,000862.SZ,银星能源,S5_机构龙虎榜净买入,LONG,9.01,3.3257,1.65,38.4582,-0.2598941865197384,91.28,82.167,4
20260324,603248.SH,锡华科技,S5_机构龙虎榜净买入,LONG,28.2,3.0325,0.75,36.1659,-0.2422253047645635,89.45,50.289,2
20260324,920028.BJ,N新恒泰,S5_机构龙虎榜净买入,LONG,18.9,2.107,,35.5741,,13.77,1.828,1
20260324,603687.SH,大胜达,S5_机构龙虎榜净买入,LONG,14.75,0.1358,3.21,53.1504,-0.5453999189495117,77.24,93.719,3
20260324,002565.SZ,顺灏股份,S5_机构龙虎榜净买入,LONG,16.91,-0.4122,1.21,36.2326,-1.3025821992982998,81.21,64.371,2
20260324,600759.SH,洲际油气,S5_机构龙虎榜净买入,LONG,6.44,-5.5718,0.82,13.4712,0.1982811462430402,19.34,35.715,3
20260324,600096.SH,云天化,S5_机构龙虎榜净买入,LONG,34.51,-5.9417,1.64,10.5598,0.0720129924539277,12.6,16.623,3
20260324,001373.SZ,翔腾新材,S7_底部共振,LONG,34.84,5.8002,1.34,10.0632,0.024100283901135756,31.67,28.157,2
20260324,002548.SZ,金新农,S7_底部共振,LONG,5.39,5.2734,0.87,4.3539,0.4343191169644471,10.35,27.099,2
20260324,002190.SZ,成飞集成,S7_底部共振,LONG,30.28,4.6303,1.89,5.5024,0.5616438829410528,49.43,27.427,3
20260324,688533.SH,上声电子,S7_底部共振,LONG,25.41,4.439,0.53,4.0731,0.03268136534519968,5.56,23.635,3
20260324,000882.SZ,华联股份,S7_底部共振,LONG,1.65,4.4304,1.19,4.1074,0.6064318529862178,28.54,29.305,1
20260324,002996.SZ,顺博合金,S7_底部共振,LONG,6.87,4.4073,0.8,5.0263,0.4668417644021992,15.97,27.397,1
20260324,600547.SH,山东黄金,S7_底部共振,LONG,38.67,4.4006,1.02,3.757,0.12874947099315073,9.35,26.393,3
20260324,000655.SZ,金岭矿业,S7_底部共振,LONG,8.64,4.3478,1.02,5.2586,0.06778749282008725,10.72,24.583,2
20260324,688558.SH,国盛智科,S7_底部共振,LONG,27.44,4.0971,1.22,3.773,0.3627433630352494,8.51,29.779,3
20260324,002526.SZ,山东矿机,S7_底部共振,LONG,3.33,4.0625,0.85,2.7163,0.210026138307141,9.27,26.71,4
20260324,002520.SZ,日发精机,S7_底部共振,LONG,5.66,4.0441,1.15,7.5875,0.2081517740308146,37.31,28.446,1
20260324,002277.SZ,友阿股份,S7_底部共振,LONG,6.18,4.0404,1.11,2.7064,0.425629893192722,7.54,29.182,3
20260324,002942.SZ,新农股份,S7_底部共振,LONG,18.62,4.0223,0.99,5.6266,0.06651010544440948,8.82,29.011,2
20260324,603086.SH,先达股份,S7_底部共振,LONG,7.26,4.0115,0.73,3.7205,0.10452730752713259,52.14,29.035,2
20260324,300411.SZ,金盾股份,S7_底部共振,LONG,10.12,4.0082,1.0,2.0685,0.4258998227099473,52.63,29.205,1
20260324,002453.SZ,华软科技,S7_底部共振,LONG,5.46,4.0,0.99,2.8841,0.14863318094937508,46.5,28.881,2
20260324,603313.SH,梦百合,S7_底部共振,LONG,8.07,3.9948,0.95,2.4433,0.04089935476169953,4.89,29.071,2
20260324,002206.SZ,海利得,S7_底部共振,LONG,6.03,3.9655,1.0,2.784,0.545256819159383,13.92,27.627,2
20260324,301212.SZ,联盛化学,S7_底部共振,LONG,26.49,3.9639,0.76,5.89,0.4813597397608639,8.11,29.226,2
20260324,002513.SZ,蓝丰生化,S7_底部共振,LONG,6.3,3.9604,0.79,5.5067,0.6067672566500528,46.46,29.026,1
20260324,000753.SZ,漳州发展,S7_底部共振,LONG,6.34,3.9344,1.1,3.1392,0.749114580735272,8.68,29.635,2
20260324,603995.SH,甬金股份,S7_底部共振,LONG,16.97,3.9192,0.73,1.9673,0.12117311966349581,7.72,28.85,3
20260324,300375.SZ,鹏翎股份,S7_底部共振,LONG,4.83,3.871,1.06,4.0563,0.31853758892962647,13.52,29.86,1
20260324,603639.SH,海利尔,S7_底部共振,LONG,12.77,3.8211,0.93,2.8314,0.29261622386880587,11.73,27.669,2
20260324,300610.SZ,晨化股份,S7_底部共振,LONG,11.0,3.7736,0.61,4.8188,0.2588562937099271,16.21,26.952,1
20260324,300547.SZ,川环科技,S7_底部共振,LONG,29.12,3.7406,0.93,3.3975,0.2634986882099936,32.86,28.442,1
20260324,301311.SZ,昆船智能,S7_底部共振,LONG,16.19,3.7156,0.91,3.6784,0.8003873282743785,42.96,27.146,2
20260324,000676.SZ,智度股份,S7_底部共振,LONG,7.54,3.7139,1.06,2.4867,0.15454415178699335,45.82,29.706,2
20260324,002615.SZ,哈尔斯,S7_底部共振,LONG,7.54,3.7139,1.15,5.4392,0.34648280136349585,24.39,27.799,2
20260324,603151.SH,邦基科技,S7_底部共振,LONG,16.88,3.6855,1.33,3.3578,0.22007864508103728,6.3,29.523,2
20260324,300532.SZ,今天国际,S7_底部共振,LONG,10.47,3.6634,1.08,2.5998,0.024539469750818492,7.05,29.617,2
20260324,301525.SZ,儒竞科技,S7_底部共振,LONG,73.6,3.662,0.65,2.7242,1.1582284451784444,7.56,27.315,3
20260324,301160.SZ,翔楼新材,S7_底部共振,LONG,55.68,3.6293,0.68,2.3438,0.13639018727963192,8.98,27.143,3
20260324,301622.SZ,英思特,S7_底部共振,LONG,58.26,3.5917,0.89,2.4132,0.6665051062983395,35.19,26.905,2
20260324,300010.SZ,豆神教育,S7_底部共振,LONG,6.08,3.5775,0.94,2.2071,0.13726729858694742,11.51,28.335,1
20260324,002735.SZ,王子新材,S7_底部共振,LONG,14.54,3.5613,1.27,5.9373,0.04774637853241498,48.22,23.908,2
20260324,300793.SZ,佳禾智能,S7_底部共振,LONG,14.26,3.5585,0.96,2.1464,0.14259832059403746,6.34,29.198,3
20260324,301383.SZ,天键股份,S7_底部共振,LONG,27.4,3.5525,1.0,3.5079,0.1791723405728532,30.86,26.001,2
20260324,002982.SZ,湘佳股份,S7_底部共振,LONG,13.3,3.5019,0.93,5.4382,0.4695954522246847,44.62,28.389,2
20260324,300753.SZ,爱朋医疗,S7_底部共振,LONG,28.18,3.4888,0.73,6.8138,0.12558944499330868,47.24,24.523,2
20260324,601677.SH,明泰铝业,S7_底部共振,LONG,14.54,3.4875,0.89,2.3808,0.6495733051521559,10.48,27.982,2
20260324,001316.SZ,润贝航科,S7_底部共振,LONG,43.25,3.4689,1.76,7.4341,0.09349744332322724,8.08,28.303,3
20260324,002057.SZ,中钢天源,S7_底部共振,LONG,9.02,3.4404,0.85,3.4547,0.665680741450281,10.57,21.134,2
20260324,600359.SH,新农开发,S7_底部共振,LONG,6.64,3.4268,1.02,5.7133,0.31137596853304267,12.16,24.835,1
20260324,300168.SZ,万达信息,S7_底部共振,LONG,5.45,3.4156,1.02,1.7909,0.04010211101857568,3.87,26.34,2
20260324,000030.SZ,富奥股份,S7_底部共振,LONG,4.85,3.4115,0.95,2.7731,0.1861828527529474,5.79,29.008,2
20260324,300643.SZ,万通智控,S7_底部共振,LONG,17.06,3.3939,0.51,4.2552,0.22710310382116952,12.58,22.704,1
20260324,000597.SZ,东北制药,S7_底部共振,LONG,4.88,3.3898,1.03,2.7344,0.28803766636829986,4.76,29.667,4
20260324,002127.SZ,南极电商,S7_底部共振,LONG,2.75,3.3835,0.93,1.6417,0.06929906057054329,6.75,27.506,2
20260324,002577.SZ,雷柏科技,S7_底部共振,LONG,15.3,3.3784,1.2,1.9379,0.011060591026621188,4.26,29.11,2
20260324,300925.SZ,法本信息,S7_底部共振,LONG,17.76,3.376,0.83,2.4256,0.4773058440551854,38.9,26.823,2
20260324,688128.SH,中国电研,S7_底部共振,LONG,26.03,3.3757,1.08,2.5886,0.7119493426708319,10.85,28.933,2
20260324,300877.SZ,金春股份,S7_底部共振,LONG,24.84,3.3708,1.09,6.2318,0.0663323660093958,11.44,21.022,2
20260324,300384.SZ,三联虹普,S7_底部共振,LONG,15.38,3.3602,0.6,2.5204,0.028604508615405495,7.22,24.751,2
20260324,300057.SZ,万顺新材,S7_底部共振,LONG,5.56,3.3457,1.02,5.0432,1.0125136574706364,14.95,29.582,2
20260324,688357.SH,建龙微纳,S7_底部共振,LONG,32.2,3.3376,0.78,2.3393,0.5123769396817697,7.46,29.566,2
20260324,601388.SH,怡球资源,S7_底部共振,LONG,3.42,3.3233,0.74,4.4437,0.09388698357900482,11.08,24.793,2
20260324,000726.SZ,鲁泰Ａ,S7_底部共振,LONG,6.85,3.3183,0.9,2.0009,0.8939428726221013,9.78,28.194,3
20260324,000825.SZ,太钢不锈,S7_底部共振,LONG,4.37,3.3097,0.76,1.9656,0.06705517893651876,7.72,25.984,2
20260324,301058.SZ,中粮科工,S7_底部共振,LONG,9.73,3.2909,0.79,2.4492,0.40007564791713646,6.62,26.376,4
20260324,600662.SH,外服控股,S7_底部共振,LONG,5.05,3.272,1.08,2.4484,0.3284865256369948,8.85,27.826,2
20260324,002681.SZ,奋达科技,S7_底部共振,LONG,5.37,3.2692,1.12,2.161,0.5591264023934178,39.83,26.108,2
20260324,300694.SZ,蠡湖股份,S7_底部共振,LONG,11.38,3.2668,1.19,5.1307,0.18133991735978602,10.39,28.785,2
20260324,002110.SZ,三钢闽光,S7_底部共振,LONG,3.82,3.2432,0.67,2.624,0.6792087508483374,5.95,25.87,2
20260324,002375.SZ,亚厦股份,S7_底部共振,LONG,3.82,3.2432,1.27,3.1118,0.2739708854570752,14.93,28.859,2
20260324,000932.SZ,华菱钢铁,S7_底部共振,LONG,5.1,3.2389,0.99,2.8296,1.0670467387081966,6.89,22.556,3
20260324,605077.SH,华康股份,S7_底部共振,LONG,14.45,3.2143,1.03,1.6633,1.0793130533001647,7.44,28.932,3
20260324,300459.SZ,汤姆猫,S7_底部共振,LONG,4.18,3.2099,0.89,2.3503,0.18890525849534398,35.5,25.806,2
20260324,600423.SH,柳化股份,S7_底部共振,LONG,3.54,3.207,0.65,4.3135,0.19208459883758214,11.87,27.527,2
20260324,688750.SH,金天钛业,S7_底部共振,LONG,17.41,3.1398,0.82,2.4823,0.11621330812043044,29.31,24.792,1
20260324,603379.SH,三美股份,S7_底部共振,LONG,62.01,3.1266,0.95,2.7747,0.04132611300948196,11.09,27.191,2
20260324,000816.SZ,智慧农业,S7_底部共振,LONG,3.3,3.125,0.69,3.7633,0.10860443530756456,8.29,26.853,3
20260324,603303.SH,得邦照明,S7_底部共振,LONG,13.59,3.1108,0.81,1.3727,0.393446345859966,38.46,29.661,1
20260324,301215.SZ,中汽股份,S7_底部共振,LONG,5.97,3.1088,1.1,3.2544,0.133747067691538,5.18,26.203,3
20260324,002065.SZ,东华软件,S7_底部共振,LONG,7.99,3.0968,0.97,1.807,0.086785590756386,5.38,27.055,3
20260324,601718.SH,际华集团,S7_底部共振,LONG,3.01,3.0822,0.99,2.4505,0.10468422579709219,7.35,27.882,3
20260324,002583.SZ,海能达,S7_底部共振,LONG,9.82,3.043,0.85,1.745,0.19000265646850076,41.72,25.236,3
20260324,300119.SZ,瑞普生物,S7_底部共振,LONG,17.63,3.0392,0.76,1.6525,0.8992066054767622,7.34,29.096,3
20260324,002208.SZ,合肥城建,S7_底部共振,LONG,12.9,3.0351,0.72,12.277,0.1207369806354571,14.66,24.373,2
20260324,600489.SH,中金黄金,S7_底部共振,LONG,24.63,3.0113,1.04,3.7621,0.17981948913917942,9.79,18.784,3
20260324,301092.SZ,争光股份,S7_底部共振,LONG,32.53,3.0082,0.67,5.3529,0.15655153181148163,11.34,28.115,1
20260324,002777.SZ,久远银海,S7_底部共振,LONG,16.78,3.008,0.86,2.558,0.38979545151266737,5.41,29.032,3
20260324,688458.SH,美芯晟,S7_底部共振,LONG,33.28,3.0022,1.1,2.2971,0.18963695698108496,8.4,25.27,2
20260324,300622.SZ,博士眼镜,S7_底部共振,LONG,23.52,2.9772,0.59,3.8248,0.01785024276330158,38.21,18.889,1
20260324,301387.SZ,光大同创,S7_底部共振,LONG,49.91,2.9709,0.84,5.3974,0.24010282894570428,14.29,27.326,1
20260324,001390.SZ,古麒绒材,S7_底部共振,LONG,20.86,2.9615,0.93,3.3109,0.02424847346171909,45.78,27.776,2
20260324,300790.SZ,宇瞳光学,S7_底部共振,LONG,23.38,2.9502,0.78,2.0569,0.40233114927805463,9.19,28.505,3
20260324,002925.SZ,盈趣科技,S7_底部共振,LONG,19.34,2.9271,1.04,3.5886,0.4470183829024059,10.28,27.737,1
20260324,300193.SZ,佳士科技,S7_底部共振,LONG,8.44,2.9268,0.81,2.6644,0.9329354044302468,10.6,27.143,3
20260324,002045.SZ,国光电器,S7_底部共振,LONG,11.65,2.9152,1.05,2.3474,0.18971690625275628,12.32,26.323,2
20260324,601069.SH,西部黄金,S7_底部共振,LONG,30.0,2.8807,0.87,6.0428,0.11738137539266892,7.21,25.093,3
20260324,300173.SZ,ST福能,S7_底部共振,LONG,4.29,2.8777,1.07,2.4752,0.5575663606841232,21.55,29.727,2
20260324,002552.SZ,宝鼎科技,S7_底部共振,LONG,15.73,2.8777,1.39,6.8405,0.07101732870857674,8.35,18.773,3
20260324,002171.SZ,楚江新材,S7_底部共振,LONG,10.75,2.8708,0.82,2.5846,0.16050209456314457,36.61,22.827,2
20260324,300021.SZ,大禹节水,S7_底部共振,LONG,4.31,2.864,0.69,2.4951,1.305174091416947,42.65,26.417,3
20260324,688083.SH,中望软件,S7_底部共振,LONG,50.97,2.845,1.49,3.5356,0.2933171394696509,6.78,20.817,3
20260324,603072.SH,天和磁材,S7_底部共振,LONG,35.31,2.8247,0.81,2.0838,0.26303815852429546,41.86,22.239,2
20260324,002239.SZ,奥特佳,S7_底部共振,LONG,2.92,2.8169,0.95,3.2367,1.4664670169845448,13.23,28.938,3
20260324,000650.SZ,仁和药业,S7_底部共振,LONG,5.49,2.809,0.82,1.6313,0.04523267352288339,5.21,29.435,3
20260324,002607.SZ,中公教育,S7_底部共振,LONG,2.58,2.7888,0.92,2.8406,0.2881804472263215,20.63,28.786,1
20260324,603980.SH,吉华集团,S7_底部共振,LONG,6.3,2.7732,0.69,5.1774,0.03792837889872918,11.78,24.727,2
20260324,301591.SZ,肯特股份,S7_底部共振,LONG,39.7,2.7699,0.44,3.7731,0.5597643265192381,15.97,28.02,1
20260324,600817.SH,宇通重工,S7_底部共振,LONG,10.88,2.7384,1.04,2.6671,0.4198788173875409,6.46,26.617,3
20260324,600022.SH,山东钢铁,S7_底部共振,LONG,1.51,2.7211,0.79,4.6137,0.2636886085147141,24.54,29.573,2
20260324,300133.SZ,华策影视,S7_底部共振,LONG,7.18,2.7182,0.86,3.2759,0.1537906476437877,33.19,27.842,1
20260324,000822.SZ,山东海化,S7_底部共振,LONG,5.73,2.6882,0.62,8.6998,0.5455594672367653,19.65,29.293,2
20260324,300183.SZ,东软载波,S7_底部共振,LONG,14.15,2.6851,1.11,3.1754,0.39465203976688384,7.19,27.937,4
20260324,603566.SH,普莱柯,S7_底部共振,LONG,12.26,2.6801,1.02,2.0672,0.445887541009653,4.83,23.777,3
20260324,002917.SZ,金奥博,S7_底部共振,LONG,12.3,2.6711,0.92,2.3705,0.20294271889811297,30.18,23.425,3
20260324,301063.SZ,海锅股份,S7_底部共振,LONG,23.85,2.669,0.57,6.2512,0.16956447855037837,12.48,24.88,2
20260324,300347.SZ,泰格医药,S7_底部共振,LONG,48.8,2.6504,0.98,1.985,0.2044537429198345,8.31,22.511,2
20260324,000913.SZ,钱江摩托,S7_底部共振,LONG,14.38,2.641,0.84,1.888,0.5459317370480863,5.25,27.557,3
20260324,300320.SZ,海达股份,S7_底部共振,LONG,10.13,2.6342,0.9,2.5515,0.5284237218170735,18.59,29.133,3
20260324,000802.SZ,北京文化,S7_底部共振,LONG,3.9,2.6316,0.9,2.0232,1.1693115324790755,6.08,29.107,3
20260324,300211.SZ,*ST亿通,S7_底部共振,LONG,7.8,2.6316,1.1,2.3551,0.040820084709348815,5.46,26.065,3
20260324,002557.SZ,洽洽食品,S7_底部共振,LONG,20.71,2.6264,0.82,1.816,0.45964742636120215,4.47,27.341,3
20260324,002416.SZ,爱施德,S7_底部共振,LONG,12.13,2.6227,1.1,4.4987,0.8272172208789477,13.93,28.918,3
20260324,002915.SZ,中欣氟材,S7_底部共振,LONG,19.58,2.6205,0.97,3.1766,0.269674285193199,37.74,26.292,2
20260324,603888.SH,新华网,S7_底部共振,LONG,19.6,2.6178,0.93,4.3884,0.1144760360426763,7.55,29.687,2
20260324,300566.SZ,激智科技,S7_底部共振,LONG,18.08,2.6107,0.87,3.3722,0.4736807695136603,11.89,28.417,2
20260324,688276.SH,百克生物,S7_底部共振,LONG,17.7,2.6087,0.79,1.0907,0.5601836142575556,39.38,29.042,1
20260324,600231.SH,凌钢股份,S7_底部共振,LONG,1.97,2.6042,0.41,4.4225,0.2749297286530036,4.94,29.224,3
20260324,002541.SZ,鸿路钢构,S7_底部共振,LONG,20.33,2.5732,1.1,2.5207,0.33775042750684864,22.26,29.349,2
20260324,002379.SZ,宏桥控股,S7_底部共振,LONG,25.59,2.5651,0.99,4.0664,0.3908062981207645,10.9,23.238,2
20260324,000156.SZ,华数传媒,S7_底部共振,LONG,7.22,2.5568,0.98,1.9782,0.3917223980769692,7.61,24.804,3
20260324,688068.SH,热景生物,S7_底部共振,LONG,109.61,2.5543,1.08,2.7628,0.13998217961716908,4.12,23.778,3
20260324,688569.SH,铁科轨道,S7_底部共振,LONG,19.68,2.5534,1.0,2.3252,0.7695214899111849,4.26,26.947,3
20260324,300533.SZ,冰川网络,S7_底部共振,LONG,27.82,2.5433,0.64,2.7791,0.07982345407133677,43.26,26.221,3
20260324,600820.SH,隧道股份,S7_底部共振,LONG,6.05,2.5424,0.75,1.1644,0.6385710914723723,5.05,28.478,4
20260324,301267.SZ,华厦眼科,S7_底部共振,LONG,16.55,2.5403,0.96,2.1675,0.26038153722252955,3.04,28.848,2
20260324,002108.SZ,沧州明珠,S7_底部共振,LONG,4.47,2.5229,0.61,2.8047,0.14108714007758302,8.46,26.799,4
20260324,600308.SH,华泰股份,S7_底部共振,LONG,3.67,2.514,0.78,1.8,0.8066763114183143,5.36,22.264,4
20260324,601177.SH,杭齿前进,S7_底部共振,LONG,14.33,2.5036,0.83,1.8867,0.06796208788224425,4.46,22.94,3
20260324,600893.SH,航发动力,S7_底部共振,LONG,47.95,2.5011,1.03,2.7848,0.46124842414498984,28.84,27.643,2
20260324,300041.SZ,回天新材,S7_底部共振,LONG,10.26,2.4975,0.66,2.7869,0.3714274401108691,10.79,21.681,1
20260324,603535.SH,嘉诚国际,S7_底部共振,LONG,8.26,2.4814,1.05,2.5936,0.07842551341953712,4.1,23.534,3
20260324,002406.SZ,远东传动,S7_底部共振,LONG,7.05,2.4709,1.2,3.2129,0.24774434236692033,10.28,26.619,2
20260324,000935.SZ,四川双马,S7_底部共振,LONG,23.66,2.4686,0.99,1.8028,0.41680939053427446,25.02,20.34,1
20260324,601933.SH,永辉超市,S7_底部共振,LONG,3.75,2.459,0.77,2.646,0.1953344017663036,4.33,27.105,3
20260324,600987.SH,航民股份,S7_底部共振,LONG,7.1,2.4531,0.87,1.9104,0.03096310648513773,11.12,26.392,2
20260324,300841.SZ,康华生物,S7_底部共振,LONG,54.53,2.4422,0.97,2.2747,0.5791300392560144,4.73,21.403,3
20260324,600888.SH,新疆众和,S7_底部共振,LONG,8.0,2.4328,0.52,3.8942,0.4333900138049985,8.52,28.835,3
20260324,300271.SZ,华宇软件,S7_底部共振,LONG,6.74,2.4316,0.92,2.1958,0.19409748636952673,6.45,29.034,3
20260324,002061.SZ,浙江交科,S7_底部共振,LONG,3.81,2.4194,0.76,2.2138,0.49669361466276823,5.75,27.523,4
20260324,300382.SZ,斯莱克,S7_底部共振,LONG,11.01,2.4186,1.22,2.9837,0.06365408214827101,7.21,24.584,3
20260324,688579.SH,地纬智能,S7_底部共振,LONG,10.67,2.3992,1.12,2.8563,0.06082333349930571,9.63,28.944,3
20260324,603375.SH,盛景微,S7_底部共振,LONG,35.1,2.3921,1.2,5.0459,0.4026611730131655,10.27,27.876,2
20260324,600038.SH,中直股份,S7_底部共振,LONG,33.05,2.3854,0.88,2.133,0.2743275226434844,6.19,25.669,4
20260324,300088.SZ,长信科技,S7_底部共振,LONG,6.02,2.381,0.72,2.7851,0.9893685584606394,12.08,29.219,3
20260324,002532.SZ,天山铝业,S7_底部共振,LONG,15.49,2.3794,1.09,3.1839,0.35400949058708886,12.62,27.168,2
20260324,300406.SZ,九强生物,S7_底部共振,LONG,11.7,2.3622,0.88,1.357,0.3764104500370312,3.04,27.529,2
20260324,300171.SZ,东富龙,S7_底部共振,LONG,13.94,2.3495,0.68,2.1399,0.2341163516241513,6.9,25.101,3
20260324,300674.SZ,宇信科技,S7_底部共振,LONG,19.63,2.3462,0.89,1.7922,0.365328014662282,5.66,24.482,2
20260324,605300.SH,佳禾食品,S7_底部共振,LONG,10.49,2.3415,0.79,1.178,0.014904500791226627,1.26,29.591,2
20260324,002590.SZ,万安科技,S7_底部共振,LONG,12.3,2.3295,0.88,2.6216,0.9682234066793898,26.65,25.533,2
20260324,300634.SZ,彩讯股份,S7_底部共振,LONG,23.51,2.3064,0.82,4.3083,0.3373713228206812,6.95,27.833,3
20260324,600790.SH,轻纺城,S7_底部共振,LONG,3.57,2.2923,0.75,1.1803,0.6959170255873554,3.87,25.013,4
20260324,600707.SH,彩虹股份,S7_底部共振,LONG,5.81,2.2887,0.65,1.3635,0.7677525008385454,5.77,26.755,4
20260324,000589.SZ,贵州轮胎,S7_底部共振,LONG,4.47,2.2883,0.86,2.4201,1.2768621359223302,7.38,24.012,4
20260324,688352.SH,颀中科技,S7_底部共振,LONG,12.18,2.267,0.77,2.4716,0.1198561982409966,7.0,26.121,3
20260324,601600.SH,中国铝业,S7_底部共振,LONG,11.3,2.2624,0.82,3.4853,0.12866814143052152,10.77,24.124,2
20260324,600064.SH,南京高科,S7_底部共振,LONG,8.15,2.2585,0.91,1.6478,0.48794892894115127,9.66,27.253,4
20260324,300802.SZ,矩子科技,S7_底部共振,LONG,17.94,2.2222,1.0,4.2634,0.12918840880568444,8.66,26.524,3
20260324,000529.SZ,广弘控股,S7_底部共振,LONG,5.55,2.2099,0.61,2.0773,0.06754765264971971,5.17,25.79,3
20260324,300036.SZ,超图软件,S7_底部共振,LONG,15.27,2.2088,1.0,2.4573,0.20694365961040506,10.26,23.184,2
20260324,002436.SZ,兴森科技,S7_底部共振,LONG,20.89,2.2016,0.79,3.8928,0.2434182317125461,13.21,27.784,2
20260324,603666.SH,亿嘉和,S7_底部共振,LONG,26.58,2.1915,0.75,1.6188,0.4771118173876224,6.05,26.917,3
20260324,600517.SH,国网英大,S7_底部共振,LONG,6.53,2.1909,0.92,3.0234,0.0038077586926258283,39.06,26.288,2
20260324,002683.SZ,广东宏大,S7_底部共振,LONG,37.82,2.1886,1.12,1.9654,0.017043194237976896,10.27,16.722,2
20260324,002987.SZ,京北方,S7_底部共振,LONG,16.37,2.1848,0.72,2.3417,0.29303573281164286,4.13,28.393,3
20260324,000410.SZ,沈阳机床,S7_底部共振,LONG,6.55,2.1841,0.72,1.4123,1.3242438300241228,5.26,24.138,3
20260324,688581.SH,安杰思,S7_底部共振,LONG,53.62,2.1723,0.59,0.7462,0.3055721477941804,3.5,24.571,2
20260324,600585.SH,海螺水泥,S7_底部共振,LONG,23.2,2.1576,0.81,1.1711,0.23133334049663157,27.99,29.491,3
20260324,300821.SZ,东岳硅材,S7_底部共振,LONG,11.38,2.1544,0.74,4.0496,0.04298893644225814,5.31,22.744,3
20260324,600637.SH,东方明珠,S7_底部共振,LONG,9.5,2.1505,1.02,2.2544,0.009621166566446267,3.34,24.377,2
20260324,603609.SH,禾丰股份,S7_底部共振,LONG,6.69,2.1374,1.06,1.4687,0.634989306446685,3.33,23.201,2
20260324,600835.SH,上海机电,S7_底部共振,LONG,21.26,2.1134,1.02,2.7556,0.037865682753788,5.38,17.965,3
20260324,688526.SH,科前生物,S7_底部共振,LONG,14.53,2.1082,1.06,2.3201,0.137638163094381,6.46,25.703,2
20260324,001386.SZ,马可波罗,S7_底部共振,LONG,20.4,2.1021,0.64,3.7888,1.462215026824543,38.92,24.552,3
20260324,001391.SZ,国货航,S7_底部共振,LONG,5.35,2.0992,0.85,1.5122,0.8174120963928515,44.78,26.257,3
20260324,000848.SZ,承德露露,S7_底部共振,LONG,7.83,2.086,0.84,1.2924,1.0334316806219783,4.97,27.869,4
20260324,600219.SH,南山铝业,S7_底部共振,LONG,5.88,2.0833,0.71,3.2979,0.12488664078870526,11.43,21.232,2
20260324,600877.SH,电科芯片,S7_底部共振,LONG,15.72,2.0779,1.29,3.437,0.0017759436903838008,7.05,24.103,2
20260324,000903.SZ,ST云动,S7_底部共振,LONG,2.48,2.0576,0.9,2.4516,0.6323118345464531,50.98,26.101,2
20260324,300415.SZ,伊之密,S7_底部共振,LONG,23.85,2.0539,0.79,2.2774,0.6408888049304586,8.41,26.364,4
20260324,600727.SH,鲁北化工,S7_底部共振,LONG,6.97,2.0498,0.69,5.0028,0.24035189922578798,11.2,23.922,2
20260324,688009.SH,中国通号,S7_底部共振,LONG,5.48,2.0484,0.85,2.0018,0.11086118987956442,43.43,29.478,1
20260324,601038.SH,一拖股份,S7_底部共振,LONG,12.96,2.0472,0.66,5.2419,0.02196812309290393,10.07,29.335,2
20260324,001213.SZ,中铁特货,S7_底部共振,LONG,4.0,2.0408,0.79,2.5552,0.24626080935488773,10.61,28.811,3
20260324,600361.SH,创新新材,S7_底部共振,LONG,4.07,2.005,0.83,3.3621,0.6542369784218388,5.86,20.003,3
20260324,002741.SZ,光华科技,S7_底部共振,LONG,17.82,2.0034,0.86,4.4433,0.11936999171041737,39.87,22.267,1
20260324,600801.SH,华新建材,S7_底部共振,LONG,19.89,2.0,0.84,1.8177,0.1747840116581659,9.7,22.611,3
20260324,000557.SZ,西部创业,S7_底部共振,LONG,4.59,2.0,0.73,1.5473,0.5964170884219533,2.32,21.597,4
20260324,603033.SH,三维股份,S7_底部共振,LONG,9.73,1.9916,0.98,1.3904,0.33328292698058193,2.95,27.46,2
20260324,600782.SH,新钢股份,S7_底部共振,LONG,3.6,1.983,0.73,3.6538,0.17112454588569026,7.78,23.901,3
20260324,603508.SH,思维列控,S7_底部共振,LONG,24.34,1.969,0.6,1.7688,0.4642367363999961,4.28,27.627,2
20260324,300633.SZ,开立医疗,S7_底部共振,LONG,23.89,1.9633,0.88,1.5359,0.33390274684577065,4.37,27.227,2
20260324,002244.SZ,滨江集团,S7_底部共振,LONG,9.9,1.9567,0.79,1.7884,0.47678266411727177,10.0,28.49,2
20260324,003025.SZ,思进智能,S7_底部共振,LONG,13.56,1.9549,1.3,5.797,0.7183136412459722,10.38,28.465,3
20260324,002020.SZ,京新药业,S7_底部共振,LONG,14.68,1.9444,1.19,2.8966,0.33378339657373113,6.39,28.403,3
20260324,000761.SZ,本钢板材,S7_底部共振,LONG,3.15,1.9417,0.64,3.409,0.4306407962009916,5.82,25.038,2
20260324,600073.SH,光明肉业,S7_底部共振,LONG,5.78,1.94,0.48,1.6025,0.2642898641401499,4.21,19.518,4
20260324,001233.SZ,海安集团,S7_底部共振,LONG,63.64,1.9382,0.9,3.5696,0.5821148060451634,13.13,27.826,2
20260324,603232.SH,格尔软件,S7_底部共振,LONG,20.53,1.9364,0.84,5.3101,0.0027482914881972144,31.92,24.258,2
20260324,603896.SH,寿仙谷,S7_底部共振,LONG,18.45,1.9337,0.77,1.4243,0.3139644637268379,3.89,23.357,4
20260324,301585.SZ,蓝宇股份,S7_底部共振,LONG,27.42,1.9331,0.87,1.3532,0.11594191306156232,23.52,22.103,1
20260324,688598.SH,金博股份,S7_底部共振,LONG,23.74,1.9322,0.98,2.6614,0.1539081167185576,6.19,24.569,3
20260324,600906.SH,财达证券,S7_底部共振,LONG,6.34,1.9293,0.92,1.6167,0.20290707193998278,5.12,28.812,4
20260324,002581.SZ,ST未名,S7_底部共振,LONG,7.4,1.9284,0.7,1.0491,0.549639531390808,10.87,29.13,3
20260324,000050.SZ,深天马Ａ,S7_底部共振,LONG,7.95,1.9231,0.75,1.9249,0.9976297893040071,4.63,21.289,3
20260324,002791.SZ,坚朗五金,S7_底部共振,LONG,20.31,1.9067,0.96,3.1067,0.8545468255165133,6.54,19.504,3
20260324,002391.SZ,长青股份,S7_底部共振,LONG,5.9,1.8998,1.07,2.8408,1.2390889612867246,10.1,23.768,2
20260324,688225.SH,亚信安全,S7_底部共振,LONG,17.17,1.8991,0.57,1.2814,0.3012973598131872,3.08,26.495,2
20260324,002458.SZ,益生股份,S7_底部共振,LONG,9.15,1.8931,0.59,1.8351,0.1419944644804161,26.04,29.697,3
20260324,300403.SZ,汉宇集团,S7_底部共振,LONG,11.37,1.8817,1.08,2.6272,0.10660870708189803,23.31,21.823,1
20260324,601390.SH,中国中铁,S7_底部共振,LONG,5.44,1.8727,0.73,2.2773,0.42458871491449596,13.22,29.553,2
20260324,000807.SZ,云铝股份,S7_底部共振,LONG,27.81,1.8681,0.86,3.3551,0.1783046000534825,10.16,24.155,2
20260324,300891.SZ,惠云钛业,S7_底部共振,LONG,8.77,1.8583,0.73,6.719,0.6306728845054318,8.9,21.386,2
20260324,603613.SH,国联股份,S7_底部共振,LONG,24.72,1.8541,0.62,1.5736,0.5225570095098113,4.09,28.443,3
20260324,002670.SZ,国盛证券,S7_底部共振,LONG,14.29,1.8532,0.99,2.8404,0.14956749359447138,3.44,24.299,3
20260324,000799.SZ,酒鬼酒,S7_底部共振,LONG,42.93,1.8505,0.62,1.9564,0.06292021484951374,5.83,25.772,2
20260324,600966.SH,博汇纸业,S7_底部共振,LONG,6.61,1.849,0.57,2.1934,0.3064953496033858,19.02,22.15,2
20260324,603341.SH,龙旗科技,S7_底部共振,LONG,37.66,1.8388,0.95,2.5235,0.18517965190109822,8.61,23.858,3
20260324,002991.SZ,甘源食品,S7_底部共振,LONG,49.9,1.816,0.91,1.498,0.12911279062708664,3.08,25.921,2
20260324,688057.SH,金达莱,S7_底部共振,LONG,11.83,1.8072,1.18,1.8433,0.8780500721558036,13.37,25.906,3
20260324,002527.SZ,新时达,S7_底部共振,LONG,13.6,1.7964,0.96,1.8276,0.02371627109466652,3.49,24.829,2
20260324,300226.SZ,上海钢联,S7_底部共振,LONG,25.51,1.7957,0.72,5.1496,0.3878290937724672,13.36,29.598,3
20260324,600480.SH,凌云股份,S7_底部共振,LONG,9.66,1.7914,0.74,1.6876,0.042250805629768344,4.64,19.382,2
20260324,300595.SZ,欧普康视,S7_底部共振,LONG,14.25,1.7857,0.76,1.5038,0.20443058495927974,8.69,26.887,4
20260324,000686.SZ,东北证券,S7_底部共振,LONG,7.99,1.7834,0.9,1.511,0.01960857362839327,3.51,22.685,4
20260324,002567.SZ,唐人神,S7_底部共振,LONG,4.02,1.7722,0.55,1.3713,1.522573922254974,6.9,23.545,4
20260324,002708.SZ,光洋股份,S7_底部共振,LONG,11.56,1.7606,1.01,2.3427,0.002385697333160744,5.74,26.341,4
20260324,002746.SZ,仙坛股份,S7_底部共振,LONG,5.81,1.7513,0.96,3.3054,1.3364041067686654,8.77,21.643,3
20260324,603418.SH,友升股份,S7_底部共振,LONG,50.65,1.7477,0.53,1.85,0.35765021777479444,19.56,24.9,2
20260324,301458.SZ,钧崴电子,S7_底部共振,LONG,32.67,1.744,0.86,4.5168,0.08514321899167354,10.81,26.689,2
20260324,301206.SZ,三元生物,S7_底部共振,LONG,25.12,1.7416,0.57,0.9674,0.36346338498401165,3.15,26.808,3
20260324,002668.SZ,TCL智家,S7_底部共振,LONG,8.77,1.7401,1.01,2.1279,0.9066140011259664,4.19,24.731,3
20260324,603612.SH,索通发展,S7_底部共振,LONG,25.8,1.735,0.66,4.4197,0.45586012607976123,11.48,20.949,2
20260324,301565.SZ,中仑新材,S7_底部共振,LONG,20.53,1.7344,1.07,4.0985,0.14085571207566489,7.57,17.697,3
20260324,688561.SH,奇安信-U,S7_底部共振,LONG,30.12,1.7224,0.75,1.9073,0.3128908738449315,4.21,25.594,2
20260324,002906.SZ,华阳集团,S7_底部共振,LONG,27.3,1.7139,1.18,4.0201,0.3106266030019205,7.49,19.911,3
20260324,002912.SZ,中新赛克,S7_底部共振,LONG,26.13,1.7127,1.27,5.2955,0.07814167060571262,8.17,25.302,2
20260324,603233.SH,大参林,S7_底部共振,LONG,17.27,1.7079,0.8,0.8831,0.4130490314965485,24.9,18.583,1
20260324,688363.SH,华熙生物,S7_底部共振,LONG,41.19,1.7037,0.78,1.132,0.28181151756285633,31.07,23.026,2
20260324,002004.SZ,华邦健康,S7_底部共振,LONG,4.9,1.6598,0.99,2.2733,0.3071858492482727,7.08,22.488,3
20260324,002967.SZ,广电计量,S7_底部共振,LONG,20.23,1.6583,1.12,2.326,0.21717201817775442,5.88,23.318,3
20260324,688023.SH,安恒信息,S7_底部共振,LONG,48.52,1.6339,0.69,4.7312,0.5523211302895328,8.12,28.144,3
20260324,688327.SH,云从科技-UW,S7_底部共振,LONG,13.15,1.6229,0.74,2.4654,0.26020450142492785,6.14,28.482,3
20260324,000498.SZ,山东路桥,S7_底部共振,LONG,5.64,1.6216,0.81,2.7701,0.8629091655091937,7.29,23.343,3
20260324,000713.SZ,国投丰乐,S7_底部共振,LONG,6.33,1.6051,0.65,2.9133,1.2658311220321594,21.31,22.407,2
20260324,603938.SH,三孚股份,S7_底部共振,LONG,22.22,1.6004,0.76,6.5745,0.1645460508839365,7.12,25.631,2
20260324,600636.SH,*ST国化,S7_底部共振,LONG,7.62,1.6,0.9,2.1923,0.12957164268871293,7.87,21.505,2
20260324,300253.SZ,卫宁健康,S7_底部共振,LONG,8.26,1.599,1.0,3.1249,0.06865569174192085,8.07,19.403,3
20260324,000012.SZ,南玻Ａ,S7_底部共振,LONG,4.45,1.5982,0.78,2.2125,0.694873447638692,8.51,24.559,4
20260324,603327.SH,福蓉科技,S7_底部共振,LONG,8.92,1.5945,1.03,4.3786,0.34196978222711205,4.34,23.281,2
20260324,600812.SH,华北制药,S7_底部共振,LONG,5.18,1.5686,0.6,2.1639,0.36304629576797265,4.05,24.556,3
20260324,600570.SH,恒生电子,S7_底部共振,LONG,25.43,1.5575,0.72,1.3405,0.16920348344498487,4.19,22.378,3
20260324,002024.SZ,ST易购,S7_底部共振,LONG,1.31,1.5504,0.67,1.1733,0.22162489529300272,4.72,16.382,2
20260324,600588.SH,用友网络,S7_底部共振,LONG,11.83,1.5451,0.85,1.9046,0.17505138347827395,5.19,20.299,2
20260324,301556.SZ,托普云农,S7_底部共振,LONG,81.72,1.5408,1.42,8.1923,0.16005356134936183,37.33,15.332,2
20260324,002605.SZ,姚记科技,S7_底部共振,LONG,20.49,1.5362,0.81,2.5276,0.7755145559058039,6.27,16.397,3
20260324,600963.SH,岳阳林纸,S7_底部共振,LONG,4.65,1.5284,1.03,4.0361,0.2139414708442122,10.68,14.783,2
20260324,002236.SZ,大华股份,S7_底部共振,LONG,16.66,1.5235,0.7,1.2659,0.09927148044193247,5.77,23.455,2
20260324,300896.SZ,爱美客,S7_底部共振,LONG,122.55,1.5159,0.76,1.692,0.21663002483155355,3.26,17.359,3
20260324,300305.SZ,裕兴股份,S7_底部共振,LONG,6.03,1.5152,1.54,5.9725,0.25571920355501304,18.68,22.463,4
20260324,600305.SH,恒顺醋业,S7_底部共振,LONG,7.41,1.5068,0.72,1.0527,0.09350967082109254,5.07,25.651,3
20260324,300773.SZ,拉卡拉,S7_底部共振,LONG,24.31,1.5031,0.69,6.5044,0.4308990979150491,13.85,29.457,2
20260324,601801.SH,皖新传媒,S7_底部共振,LONG,6.16,1.4827,1.1,2.8073,0.4079161088193119,3.67,22.265,3
20260324,688425.SH,铁建重工,S7_底部共振,LONG,4.83,1.4706,0.64,1.4956,0.08928268131121565,5.85,23.156,2
20260324,605589.SH,圣泉集团,S7_底部共振,LONG,29.88,1.4601,0.68,2.1501,0.5421354586070827,21.46,29.555,1
20260324,002386.SZ,天原股份,S7_底部共振,LONG,5.56,1.4599,0.84,3.7886,0.3382999214054043,12.13,23.963,3
20260324,300224.SZ,正海磁材,S7_底部共振,LONG,13.99,1.4503,1.24,4.8468,0.02239206329950002,7.31,16.433,2
20260324,002078.SZ,太阳纸业,S7_底部共振,LONG,14.69,1.4503,0.88,1.2129,0.7502542463767579,23.64,20.223,2
20260324,301310.SZ,鑫宏业,S7_底部共振,LONG,35.85,1.4431,1.92,4.1062,0.69050117569327,12.79,28.754,3
20260324,002315.SZ,焦点科技,S7_底部共振,LONG,39.11,1.4263,0.7,3.1334,0.23601083472177556,5.97,22.223,2
20260324,603866.SH,桃李面包,S7_底部共振,LONG,4.98,1.4257,0.73,1.7652,0.0845823989928795,2.19,29.171,4
20260324,600420.SH,国药现代,S7_底部共振,LONG,9.97,1.4242,0.94,1.7426,0.12881779948981095,10.52,21.075,2
20260324,600551.SH,时代出版,S7_底部共振,LONG,7.86,1.4194,0.63,1.5411,0.37760538973553365,3.59,26.503,3
20260324,002120.SZ,韵达股份,S7_底部共振,LONG,6.44,1.4173,0.72,1.5194,0.10973722325677644,3.78,24.855,3
20260324,300428.SZ,立中集团,S7_底部共振,LONG,20.05,1.4163,0.93,4.6804,0.7411366816980252,6.85,16.962,3
20260324,603005.SH,晶方科技,S7_底部共振,LONG,27.21,1.4163,0.74,4.0038,0.25147023275233965,12.65,26.601,1
20260324,002111.SZ,威海广泰,S7_底部共振,LONG,9.31,1.4161,1.25,3.0958,0.8630139761204407,6.26,19.571,3
20260324,603589.SH,口子窖,S7_底部共振,LONG,24.72,1.3946,0.79,0.8935,0.03928803507540159,1.58,22.113,3
20260324,002252.SZ,上海莱士,S7_底部共振,LONG,5.83,1.3913,0.73,0.6825,0.2690573145335651,2.88,20.873,4
20260324,000403.SZ,派林生物,S7_底部共振,LONG,13.13,1.39,0.61,1.0431,0.13531084057038845,3.25,22.64,3
20260324,002152.SZ,广电运通,S7_底部共振,LONG,11.73,1.3829,0.94,2.359,0.35987452682225035,5.72,24.625,3
20260324,003015.SZ,日久光电,S7_底部共振,LONG,14.8,1.3699,1.68,5.4653,0.4665990240698166,8.06,19.98,4
20260324,603505.SH,金石资源,S7_底部共振,LONG,17.46,1.3349,0.82,3.0068,0.4000927353916559,8.18,19.569,3
20260324,600999.SH,招商证券,S7_底部共振,LONG,15.25,1.3289,0.66,0.9062,0.1451705380416194,8.03,25.956,3
20260324,600621.SH,华鑫股份,S7_底部共振,LONG,14.49,1.3287,0.82,2.821,0.7168958313846537,5.87,26.158,4
20260324,300031.SZ,宝通科技,S7_底部共振,LONG,19.62,1.2907,0.71,1.6351,0.15521348895619405,5.69,24.779,3
20260324,600421.SH,*ST华嵘,S7_底部共振,LONG,7.08,1.2876,0.7,2.2273,0.5556862509095485,19.02,28.061,1
20260324,000166.SZ,申万宏源,S7_底部共振,LONG,4.73,1.2848,0.78,0.9428,0.24457994579945788,9.11,29.533,3
20260324,301665.SZ,泰禾股份,S7_底部共振,LONG,26.13,1.2791,0.57,7.6538,0.7216343618796909,30.87,17.338,3
20260324,001201.SZ,东瑞股份,S7_底部共振,LONG,13.49,1.2763,0.77,2.6886,0.2179244193550576,20.08,19.597,1
20260324,002254.SZ,泰和新材,S7_底部共振,LONG,10.37,1.2695,0.6,3.6593,0.2633826090398163,7.12,27.159,3
20260324,688777.SH,中控技术,S7_底部共振,LONG,64.0,1.2658,0.77,2.6887,0.08258358838135985,7.28,24.286,2
20260324,601900.SH,南方传媒,S7_底部共振,LONG,12.89,1.2569,0.98,2.445,0.02658462967262576,4.62,19.122,2
20260324,600612.SH,老凤祥,S7_底部共振,LONG,40.3,1.2563,0.75,1.1845,0.17510320018443373,2.51,24.628,2
20260324,002088.SZ,鲁阳节能,S7_底部共振,LONG,9.74,1.2474,0.98,2.2924,0.06265299570608805,1.95,15.024,2
20260324,300294.SZ,博雅生物,S7_底部共振,LONG,18.7,1.2453,0.87,1.8051,0.011651173982421924,4.1,15.087,2
20260324,688188.SH,柏楚电子,S7_底部共振,LONG,130.19,1.2364,1.14,1.5192,0.45309026675134983,9.27,24.121,3
20260324,002284.SZ,亚太股份,S7_底部共振,LONG,14.0,1.2292,1.13,4.192,0.4556212045936987,4.88,23.026,2
20260324,600109.SH,国金证券,S7_底部共振,LONG,8.34,1.2136,0.77,1.0466,0.2041132491726928,3.29,23.271,3
20260324,688088.SH,虹软科技,S7_底部共振,LONG,39.27,1.2113,1.31,3.0601,0.19229456680933374,22.93,18.405,1
20260324,600559.SH,老白干酒,S7_底部共振,LONG,13.61,1.1896,0.77,1.0383,0.21185083457023754,3.98,20.274,3
20260324,603825.SH,ST华扬,S7_底部共振,LONG,8.55,1.1834,1.79,2.3108,0.009946296457762098,12.08,26.945,4
20260324,688692.SH,达梦数据,S7_底部共振,LONG,214.53,1.1791,0.88,1.9047,0.13091910086718345,3.73,25.492,2
20260324,601696.SH,中银证券,S7_底部共振,LONG,12.27,1.1542,0.73,2.005,0.2472461601387848,1.39,23.462,4
20260324,002886.SZ,沃特股份,S7_底部共振,LONG,20.18,1.1529,0.79,5.4152,0.3133945304573069,8.2,26.156,3
20260324,001979.SZ,招商蛇口,S7_底部共振,LONG,8.86,1.1416,0.74,1.0966,0.8821715069049549,12.54,24.91,2
20260324,603297.SH,永新光学,S7_底部共振,LONG,101.44,1.1265,1.46,4.5693,0.9851166786693452,12.04,19.953,2
20260324,603869.SH,ST智知,S7_底部共振,LONG,9.13,1.1074,1.06,0.5382,0.7179177295808884,47.11,22.864,1
20260324,002011.SZ,盾安环境,S7_底部共振,LONG,11.88,1.1064,0.72,2.5846,0.4490793041120652,6.98,20.022,3
20260324,601065.SH,江盐集团,S7_底部共振,LONG,8.35,1.0896,0.74,2.5739,0.22708974113912714,11.66,29.615,3
20260324,300957.SZ,贝泰妮,S7_底部共振,LONG,37.72,1.0447,1.07,3.3794,1.042325827724058,4.29,16.319,3
20260324,603919.SH,金徽酒,S7_底部共振,LONG,17.48,1.0405,0.49,2.3441,0.30249526039245656,2.72,21.592,3
20260324,300353.SZ,东土科技,S7_底部共振,LONG,19.61,1.0304,0.97,2.2115,0.45339022978448446,4.59,16.582,3
20260324,002558.SZ,巨人网络,S7_底部共振,LONG,31.39,1.0299,0.67,2.5286,0.3103570008675284,6.4,19.098,3
20260324,002484.SZ,江海股份,S7_底部共振,LONG,26.65,1.0235,0.78,3.4283,1.4643310356457768,6.98,24.568,3
20260324,002101.SZ,广东鸿图,S7_底部共振,LONG,10.9,1.0195,1.1,1.9887,0.7635155104407035,3.6,21.54,3
20260324,603213.SH,镇洋发展,S7_底部共振,LONG,12.97,1.0125,0.76,2.3202,0.8951616451789317,9.16,22.259,3
20260324,002125.SZ,湘潭电化,S7_底部共振,LONG,13.05,1.0062,0.95,6.6968,0.11974400574576254,23.5,18.576,3
20260324,600885.SH,宏发股份,S7_底部共振,LONG,27.37,0.9963,0.77,1.4844,0.04406254177285054,10.54,24.273,2
20260324,002984.SZ,森麒麟,S7_底部共振,LONG,17.26,0.9947,0.97,1.9,0.2860816297061487,4.02,17.178,3
20260324,688187.SH,时代电气,S7_底部共振,LONG,51.56,0.9792,0.7,1.099,0.003592682993719667,35.12,22.218,1
20260324,002299.SZ,圣农发展,S7_底部共振,LONG,16.63,0.9715,0.93,2.0428,0.25996322541991185,30.1,16.32,1
20260324,600660.SH,福耀玻璃,S7_底部共振,LONG,55.7,0.9607,0.65,1.0924,0.3030613182475313,5.38,28.654,3
20260324,603721.SH,*ST天择,S7_底部共振,LONG,18.92,0.9605,1.26,2.148,0.1449551857591165,8.27,19.616,3
20260324,300859.SZ,西域旅游,S7_底部共振,LONG,31.92,0.9488,0.82,4.2709,0.1366467787807592,14.28,14.73,1
20260324,600850.SH,电科数字,S7_底部共振,LONG,22.5,0.9421,1.27,3.4155,0.05303842956367838,3.36,15.456,3
20260324,000998.SZ,隆平高科,S7_底部共振,LONG,9.76,0.9307,0.75,2.945,0.8510885915091159,11.94,29.408,3
20260324,601878.SH,浙商证券,S7_底部共振,LONG,9.77,0.9298,0.73,0.8896,0.1033125444885995,2.28,20.505,4
20260324,300146.SZ,汤臣倍健,S7_底部共振,LONG,10.86,0.9294,0.95,1.839,0.07179937747443221,6.53,18.808,3
20260324,601108.SH,财通证券,S7_底部共振,LONG,7.61,0.9284,1.15,1.5396,0.7498031973283867,5.44,15.717,3
20260324,603868.SH,飞科电器,S7_底部共振,LONG,33.0,0.9174,1.57,4.6167,0.4073253113785096,1.92,17.779,4
20260324,600929.SH,雪天盐业,S7_底部共振,LONG,5.62,0.8977,0.84,3.0289,0.11148400731876759,13.2,16.46,2
20260324,002507.SZ,涪陵榨菜,S7_底部共振,LONG,12.5,0.8878,0.37,1.3965,0.32508318660947694,10.14,28.07,3
20260324,600861.SH,北京人力,S7_底部共振,LONG,16.11,0.8766,0.56,0.9018,0.11764597723692835,4.71,20.61,2
20260324,002234.SZ,民和股份,S7_底部共振,LONG,8.07,0.875,1.3,4.8161,0.13013029703913673,10.61,14.544,2
20260324,600827.SH,百联股份,S7_底部共振,LONG,8.2,0.861,0.73,0.9104,0.01552667513344706,1.58,19.549,2
20260324,605020.SH,永和股份,S7_底部共振,LONG,24.72,0.8568,1.01,3.2751,1.2364304655768517,7.36,16.16,3
20260324,300901.SZ,中胤时尚,S7_底部共振,LONG,15.51,0.8453,1.14,2.4948,0.13739707246152152,7.13,21.064,2
20260324,600048.SH,保利发展,S7_底部共振,LONG,5.97,0.8446,0.74,1.3683,0.2666932699481235,2.66,19.157,3
20260324,300048.SZ,合康新能,S7_底部共振,LONG,7.18,0.8427,1.01,4.6443,0.27622498672882967,15.79,24.837,3
20260324,601668.SH,中国建筑,S7_底部共振,LONG,4.88,0.8264,0.72,1.2687,0.32061224489795925,5.73,27.844,4
20260324,600887.SH,伊利股份,S7_底部共振,LONG,25.7,0.8239,0.84,0.676,0.22914799781241973,8.99,28.945,4
20260324,603325.SH,博隆技术,S7_底部共振,LONG,70.76,0.8121,0.76,1.4382,0.3509254221985577,3.35,20.998,3
20260324,601059.SH,信达证券,S7_底部共振,LONG,16.5,0.7941,0.78,1.638,0.4426765839329508,0.91,19.327,4
20260324,603197.SH,保隆科技,S7_底部共振,LONG,31.87,0.7906,1.08,1.3178,0.17681719491467368,3.89,20.627,3
20260324,603363.SH,傲农生物,S7_底部共振,LONG,3.92,0.7712,0.69,3.6207,0.20131776167874102,9.75,24.536,3
20260324,603236.SH,移远通信,S7_底部共振,LONG,73.48,0.768,0.96,2.519,0.03810847943773292,6.2,17.804,2
20260324,002758.SZ,浙农股份,S7_底部共振,LONG,9.52,0.7407,1.08,3.9784,1.1571813994894762,10.59,17.748,2
20260324,601601.SH,中国太保,S7_底部共振,LONG,37.59,0.7235,0.82,0.9877,0.09775075123130816,8.91,28.167,3
20260324,600352.SH,浙江龙盛,S7_底部共振,LONG,12.73,0.712,0.72,1.8349,0.47344329962599174,11.47,14.789,2
20260324,601636.SH,旗滨集团,S7_底部共振,LONG,5.91,0.6814,0.91,2.8428,0.4843791817006364,11.24,15.697,2
20260324,600845.SH,宝信软件,S7_底部共振,LONG,20.69,0.6813,0.59,2.1485,0.2550391438556939,4.83,28.465,3
20260324,300851.SZ,交大思诺,S7_底部共振,LONG,28.41,0.6733,1.75,5.6782,0.38943338302883823,19.51,23.012,3
20260324,003032.SZ,*ST传智,S7_底部共振,LONG,6.11,0.659,1.26,3.3212,0.02238673077412286,10.27,23.703,3
20260324,301325.SZ,曼恩斯特,S7_底部共振,LONG,44.2,0.6375,0.86,3.701,0.07318274802129178,7.65,12.716,3
20260324,601678.SH,滨化股份,S7_底部共振,LONG,4.78,0.6316,0.77,3.7836,0.18790835110139123,6.94,21.92,2
20260324,600598.SH,北大荒,S7_底部共振,LONG,15.65,0.5784,0.84,4.7268,0.3268627488665801,24.52,23.579,2
20260324,600618.SH,氯碱化工,S7_底部共振,LONG,12.6,0.5587,0.78,5.9294,0.29134142257258394,6.7,20.503,3
20260324,002920.SZ,德赛西威,S7_底部共振,LONG,107.2,0.5534,0.87,1.9183,0.1298662055474045,2.65,19.171,3
20260324,601969.SH,海南矿业,S7_底部共振,LONG,11.33,0.5324,0.82,9.5414,0.03506859290831799,8.95,29.392,2
20260324,601211.SH,国泰海通,S7_底部共振,LONG,17.03,0.5313,1.19,0.9636,0.0022106646471848476,9.21,19.056,3
20260324,002409.SZ,雅克科技,S7_底部共振,LONG,78.95,0.5092,0.67,3.4936,0.05317971714384296,6.37,25.292,3
20260324,601066.SH,中信建投,S7_底部共振,LONG,21.86,0.5057,0.77,0.9378,0.5573311128471655,6.71,17.907,3
20260324,600114.SH,东睦股份,S7_底部共振,LONG,26.57,0.4917,0.96,2.7077,0.4678447563996697,5.66,16.166,3
20260324,600933.SH,爱柯迪,S7_底部共振,LONG,16.55,0.4857,0.79,1.8087,0.5065870613297455,6.81,22.802,3
20260324,600332.SH,白云山,S7_底部共振,LONG,23.22,0.476,1.04,2.3631,0.6929849111871333,6.51,12.02,4
20260324,688707.SH,振华新材,S7_底部共振,LONG,13.03,0.4626,1.03,2.4522,0.18503724495303903,5.69,19.743,2
20260324,600127.SH,金健米业,S7_底部共振,LONG,6.56,0.4594,0.99,6.842,0.29039566235499026,11.13,21.675,3
20260324,600348.SH,华阳股份,S7_底部共振,LONG,9.25,0.4343,0.91,2.9892,0.036820362353407146,32.59,28.828,1
20260324,603997.SH,继峰股份,S7_底部共振,LONG,12.02,0.4177,0.77,1.2351,1.088834353572676,7.96,18.401,3
20260324,601555.SH,东吴证券,S7_底部共振,LONG,7.84,0.3841,0.74,1.7237,0.3314459975645042,4.07,9.409,3
20260324,300910.SZ,瑞丰新材,S7_底部共振,LONG,45.75,0.351,0.7,2.1808,0.7804896432168725,5.45,17.996,3
20260324,603822.SH,ST嘉澳,S7_底部共振,LONG,96.0,0.3344,0.79,1.7926,0.13254190205103566,9.77,16.392,2
20260324,002096.SZ,易普力,S7_底部共振,LONG,12.42,0.3231,1.02,1.9447,0.8659353723116825,4.9,11.156,3
20260324,600030.SH,中信证券,S7_底部共振,LONG,24.36,0.2882,0.9,1.4254,0.08889460071647746,2.83,17.448,4
20260324,688018.SH,乐鑫科技,S7_底部共振,LONG,138.97,0.267,1.06,2.5478,0.21792959695243552,5.31,19.928,3
20260324,600500.SH,中化国际,S7_底部共振,LONG,4.29,0.2336,0.76,2.5733,0.21278353528314192,20.53,26.037,1
20260324,688549.SH,中巨芯-U,S7_底部共振,LONG,8.73,0.2296,1.05,5.0436,0.5468179700679779,8.35,24.936,2
20260324,603733.SH,仙鹤股份,S7_底部共振,LONG,22.57,0.222,0.99,3.2407,1.8571769307828077,28.38,27.852,2
20260324,601216.SH,君正集团,S7_底部共振,LONG,5.54,0.1808,0.68,2.7593,0.15895003413453798,21.98,24.438,2
20260324,000707.SZ,双环科技,S7_底部共振,LONG,5.81,0.1724,0.72,4.2016,0.3972613189914942,9.53,15.742,4
20260324,300628.SZ,亿联网络,S7_底部共振,LONG,32.95,0.152,0.99,1.849,0.4740114841466089,3.09,27.235,3
20260324,688171.SH,纬德信息,S7_底部共振,LONG,48.0,0.1252,1.42,3.1591,0.3119990241862412,10.37,21.151,2
20260324,002698.SZ,博实股份,S7_底部共振,LONG,13.39,0.0747,1.77,2.4853,0.7019866471258753,4.14,9.852,4
20260324,603181.SH,皇马科技,S7_底部共振,LONG,14.41,0.0694,0.86,2.1432,0.5490224828934507,12.92,12.525,2
20260324,300926.SZ,博俊科技,S7_底部共振,LONG,27.83,0.0359,0.87,2.3799,1.0704413848603067,6.25,17.581,3
20260324,688267.SH,中触媒,S7_底部共振,LONG,27.88,0.0,0.92,3.5115,0.3295501232539029,9.16,20.589,3
20260324,688061.SH,灿瑞科技,S7_底部共振,LONG,31.76,-0.0629,1.2,5.3011,0.5023536907645529,12.24,28.62,3
20260324,600185.SH,珠免集团,S7_底部共振,LONG,5.81,-0.1718,1.29,3.221,0.2857829333195549,4.6,11.617,2
20260324,002588.SZ,史丹利,S7_底部共振,LONG,10.16,-0.1965,0.68,4.5338,0.46941314772098347,17.3,26.728,1
20260324,600690.SH,海尔智家,S7_底部共振,LONG,23.35,-0.384,1.18,1.3251,0.35527024488006514,5.14,14.555,4
20260324,688484.SH,南芯科技,S7_底部共振,LONG,34.78,-0.4009,1.13,2.2403,0.5727698909949684,4.32,14.581,3
20260324,002586.SZ,ST围海,S7_底部共振,LONG,4.7,-0.4237,1.22,2.1611,0.6915346208800915,37.2,26.589,1
20260324,603599.SH,广信股份,S7_底部共振,LONG,13.08,-0.6079,0.93,2.8643,0.230391834546383,11.64,18.193,2
20260324,002895.SZ,川恒股份,S7_底部共振,LONG,35.66,-0.6132,0.76,3.5188,0.16549419002743995,12.49,17.284,1
20260324,300911.SZ,亿田智能,S7_底部共振,LONG,28.63,-0.7626,0.82,9.0663,0.3669661068437271,11.24,17.604,2
20260324,300491.SZ,通合科技,S7_底部共振,LONG,24.31,-0.7755,1.12,8.5499,0.6807954651507223,40.52,20.541,2
20260324,603477.SH,巨星农牧,S7_底部共振,LONG,16.83,-0.8834,0.95,4.8946,0.24540349120045812,6.51,15.823,4
20260324,601882.SH,海天精工,S7_底部共振,LONG,19.07,-0.8836,1.77,6.5474,0.3370080947074094,8.76,17.053,5
20260324,603337.SH,杰克科技,S7_底部共振,LONG,39.24,-0.8841,1.29,2.0875,0.11526156116142333,10.37,23.602,1
20260324,688155.SH,先惠技术,S7_底部共振,LONG,71.35,-0.9028,1.58,5.6237,0.09827243810902245,9.85,11.237,4
20260324,688099.SH,晶晨股份,S7_底部共振,LONG,80.5,-1.227,0.97,3.2126,0.0417593447306064,7.29,23.994,3
20260324,300847.SZ,中船汉光,S7_底部共振,LONG,15.68,-1.2594,1.86,7.7779,0.2920437140679683,9.86,12.74,4
20260324,000929.SZ,*ST兰黄,S7_底部共振,LONG,9.37,-1.2645,1.66,4.3422,0.30483434908124446,9.51,19.644,5
20260324,603100.SH,川仪股份,S7_底部共振,LONG,19.02,-1.3485,2.45,7.4698,0.16168358026283838,4.85,5.651,4
20260324,002003.SZ,伟星股份,S7_底部共振,LONG,9.61,-1.4359,1.75,2.1239,0.28573552841210814,4.02,16.878,4
20260324,603010.SH,万盛股份,S7_底部共振,LONG,10.32,-1.6206,1.47,4.7758,0.2812618032698431,6.14,16.113,3
20260324,600988.SH,赤峰黄金,S7_底部共振,LONG,36.12,-1.6875,3.23,10.402,0.21647786394424243,18.79,25.354,3
20260324,000933.SZ,神火股份,S7_底部共振,LONG,29.18,-2.6684,2.0,7.1317,0.3173135124932475,9.9,19.861,4
20260324,688408.SH,中信博,S7_底部共振,LONG,40.77,-2.9979,1.58,7.7664,0.3915455123593353,9.73,27.853,4
20260324,301181.SZ,标榜股份,S7_底部共振,LONG,38.1,-4.2954,1.03,10.0425,0.3596913644035684,8.07,26.128,4
20260324,600096.SH,云天化,S7_底部共振,LONG,34.51,-5.9417,1.64,10.5598,0.0720129924539277,12.6,16.623,3
20260324,600703.SH,三安光电,S7_底部共振,LONG,13.85,-6.9846,2.62,15.8897,0.1011823751568401,17.64,21.761,3
20260324,300335.SZ,迪森股份,S8_多因子共振≥6,LONG,8.4,20.0,2.06,31.7598,1.791267351266404,93.17,70.909,6
20260324,300603.SZ,立昂技术,S8_多因子共振≥6,LONG,11.65,10.5313,2.02,19.6144,0.9655187595662519,95.86,64.408,6
20260324,002082.SZ,万邦德,S8_多因子共振≥6,LONG,19.79,10.0056,2.11,9.0944,1.0416701935755714,98.93,67.257,6
20260324,000601.SZ,韶能股份,S8_多因子共振≥6,LONG,8.06,9.9591,2.4,38.7102,1.0309305898857641,88.98,68.558,6
20260324,000809.SZ,和展能源,S8_多因子共振≥6,LONG,4.01,9.863,4.24,24.5166,0.8913410061422031,99.14,75.598,6
20260324,000531.SZ,穗恒运Ａ,S8_多因子共振≥6,LONG,7.88,9.1413,3.02,23.2343,0.968069414989112,97.58,76.367,6
20260324,002039.SZ,黔源电力,S8_多因子共振≥6,LONG,20.0,7.9914,1.93,10.4224,0.6418957335084314,99.83,66.006,6
20260324,300231.SZ,银信科技,S8_多因子共振≥6,LONG,12.71,6.0935,1.74,20.7489,0.4589592648831566,99.63,72.588,6
20260324,000883.SZ,湖北能源,S8_多因子共振≥6,LONG,5.1,6.0291,2.03,4.8734,1.5555108590899704,93.42,69.914,6
20260324,000815.SZ,美利云,S8_多因子共振≥6,LONG,20.56,5.9794,1.63,50.7993,0.10130097877571252,81.4,75.269,6
20260324,000690.SZ,宝新能源,S8_多因子共振≥6,LONG,5.1,5.8091,1.88,13.3135,0.6377993781816945,91.4,69.799,6
20260324,001256.SZ,炜冈科技,S8_多因子共振≥6,LONG,25.46,5.4244,1.92,71.4034,1.1449531830065083,99.6,86.933,6
20260324,002053.SZ,云南能投,S8_多因子共振≥6,LONG,13.0,4.5857,1.87,13.2335,0.6801706474792458,87.6,70.07,6
20260324,600207.SH,安彩高科,S8_多因子共振≥6,LONG,6.18,4.3919,2.05,17.645,0.07717024591182368,98.59,83.301,6
20260324,000720.SZ,新能泰山,S9_大宗溢价>5pct,LONG,4.14,10.1064,0.53,3.5372,5.216073376024159,56.55,57.852,3
20260324,002309.SZ,中利集团,S9_大宗溢价>5pct,LONG,4.61,10.0239,0.33,2.5469,7.310811372280914,97.32,92.058,4
20260324,603759.SH,海天股份,S9_大宗溢价>5pct,LONG,10.13,9.9891,1.08,3.0554,6.572586738261825,15.78,53.311,2
20260324,603358.SH,华达科技,A3_机构龙虎榜大幅净卖出,AVOID,36.27,-10.0,1.5,7.0864,-1.5638582707523854,0.84,6.609,1
20260324,000856.SZ,冀东装备,A3_机构龙虎榜大幅净卖出,AVOID,11.1,-9.8294,1.85,31.0637,-2.5080895406064627,10.07,39.853,4
20260324,000020.SZ,深华发Ａ,A3_机构龙虎榜大幅净卖出,AVOID,18.95,-9.7619,3.15,66.5686,-0.8096181888219195,19.75,52.994,3
20260324,600703.SH,三安光电,A3_机构龙虎榜大幅净卖出,AVOID,13.85,-6.9846,2.62,15.8897,0.1011823751568401,17.64,21.761,3
20260324,920088.BJ,科力股份,A3_机构龙虎榜大幅净卖出,AVOID,70.83,-6.5074,0.89,27.4238,,1.37,43.714,3
20260324,600580.SH,卧龙电驱,A3_机构龙虎榜大幅净卖出,AVOID,38.4,-5.8362,2.21,11.6958,-0.12437738233026972,8.94,39.073,2
20260324,002430.SZ,杭氧股份,A3_机构龙虎榜大幅净卖出,AVOID,27.76,-5.1913,1.43,6.3884,0.11934346236145248,9.37,33.261,2
20260324,000669.SZ,ST金鸿,A3_机构龙虎榜大幅净卖出,AVOID,5.21,-4.927,0.81,8.8602,-1.5152748922323553,64.3,61.094,2
20260324,920036.BJ,觅睿科技,A3_机构龙虎榜大幅净卖出,AVOID,48.29,-3.4393,0.63,22.0149,,18.72,60.682,1
20260324,920078.BJ,族兴新材,A3_机构龙虎榜大幅净卖出,AVOID,25.57,-1.7294,,34.3924,,19.93,28.846,1
20260324,301658.SZ,首航新能,A3_机构龙虎榜大幅净卖出,AVOID,59.88,-1.5294,1.0,50.2399,-0.011855136020818658,39.15,78.566,3
20260324,301667.SZ,纳百川,A3_机构龙虎榜大幅净卖出,AVOID,102.91,-1.1241,0.78,43.1211,-0.10308662388593243,59.39,67.062,3
20260324,002310.SZ,东方新能,A3_机构龙虎榜大幅净卖出,AVOID,3.79,-1.0444,1.65,36.3173,-1.7220050195203567,73.7,88.117,3
20260324,300345.SZ,华民股份,A3_机构龙虎榜大幅净卖出,AVOID,9.06,0.7786,1.63,49.5106,-1.1102782944888205,37.92,73.003,3
20260324,002902.SZ,铭普光磁,A3_机构龙虎榜大幅净卖出,AVOID,23.59,3.5103,1.27,35.2171,-0.14224045410098057,80.76,60.345,2
20260324,603105.SH,芯能科技,A3_机构龙虎榜大幅净卖出,AVOID,13.36,4.8666,1.51,41.1388,-0.1814087871024907,92.54,91.902,3
20260324,002620.SZ,ST瑞和,A3_机构龙虎榜大幅净卖出,AVOID,7.51,5.035,0.68,4.6038,0.24385108039814968,99.81,73.497,4
20260324,600726.SH,华电能源,A3_机构龙虎榜大幅净卖出,AVOID,5.59,5.0752,0.97,44.407,-0.33969114171624143,97.4,85.933,2
20260324,300040.SZ,九洲集团,A3_机构龙虎榜大幅净卖出,AVOID,8.93,5.9312,1.36,41.4447,-0.28625189874885504,97.9,69.475,3
20260324,000815.SZ,美利云,A3_机构龙虎榜大幅净卖出,AVOID,20.56,5.9794,1.63,50.7993,0.10130097877571252,81.4,75.269,6
20260324,603803.SH,瑞斯康达,A3_机构龙虎榜大幅净卖出,AVOID,15.61,6.8446,1.29,58.7001,-0.5791912953155495,92.63,77.171,3
20260324,002654.SZ,万润科技,A3_机构龙虎榜大幅净卖出,AVOID,14.85,8.4733,1.68,16.1249,1.0202447953663736,42.56,46.819,5
20260324,002756.SZ,永兴材料,A3_机构龙虎榜大幅净卖出,AVOID,69.54,8.6563,1.36,8.8797,1.182936692728119,89.47,63.257,2
20260324,600758.SH,辽宁能源,A3_机构龙虎榜大幅净卖出,AVOID,5.2,9.9366,1.28,19.108,-1.864786539342753,97.6,91.25,2
20260324,002428.SZ,云南锗业,A3_机构龙虎榜大幅净卖出,AVOID,44.66,10.0,2.01,16.0313,1.723741274856594,81.31,59.671,4
20260324,600982.SH,宁波能源,A3_机构龙虎榜大幅净卖出,AVOID,6.27,10.0,3.01,32.9567,0.3202642509444244,99.5,89.614,5
20260324,600396.SH,华电辽能,A3_机构龙虎榜大幅净卖出,AVOID,7.58,10.0145,1.19,35.7961,0.007022697542055944,99.35,96.915,4
20260324,600032.SH,浙江新能,A3_机构龙虎榜大幅净卖出,AVOID,11.84,10.0372,1.58,32.7341,-0.3789901568176221,99.69,89.785,3
20260324,601016.SH,节能风电,A3_机构龙虎榜大幅净卖出,AVOID,4.91,10.0897,1.33,34.8717,-0.16073003335761687,99.27,78.524,4
20260324,300868.SZ,杰美特,A3_机构龙虎榜大幅净卖出,AVOID,52.0,12.2383,2.84,28.5446,-0.7678860953811627,53.84,85.308,3
20260324,301327.SZ,华宝新能,A4_RSI超买+近布林上轨+主力流出,AVOID,69.34,-2.626,1.25,19.1016,-0.39855573432550667,80.14,70.123,2
20260324,300085.SZ,银之杰,A4_RSI超买+近布林上轨+主力流出,AVOID,46.43,-1.2548,1.11,16.9222,-0.2702014865174593,91.35,73.308,1
20260324,002310.SZ,东方新能,A4_RSI超买+近布林上轨+主力流出,AVOID,3.79,-1.0444,1.65,36.3173,-1.7220050195203567,73.7,88.117,3
20260324,002594.SZ,比亚迪,A4_RSI超买+近布林上轨+主力流出,AVOID,106.64,-0.9198,1.05,3.7501,-0.6089643028326559,85.88,73.389,2
20260324,300866.SZ,安克创新,A4_RSI超买+近布林上轨+主力流出,AVOID,110.14,-0.4789,1.01,4.2215,-0.361663560987251,84.92,75.371,1
20260324,603687.SH,大胜达,A4_RSI超买+近布林上轨+主力流出,AVOID,14.75,0.1358,3.21,53.1504,-0.5453999189495117,77.24,93.719,3
20260324,603366.SH,日出东方,A4_RSI超买+近布林上轨+主力流出,AVOID,10.88,0.5545,0.94,23.676,-0.05194558082009314,90.52,74.29,2
20260324,300345.SZ,华民股份,A4_RSI超买+近布林上轨+主力流出,AVOID,9.06,0.7786,1.63,49.5106,-1.1102782944888205,37.92,73.003,3
20260324,600310.SH,广西能源,A4_RSI超买+近布林上轨+主力流出,AVOID,5.17,1.7717,1.76,31.048,-0.26664498364862843,90.2,88.006,3
20260324,300329.SZ,海伦钢琴,A4_RSI超买+近布林上轨+主力流出,AVOID,15.74,2.5407,0.98,7.8896,-0.37087590309749413,87.82,79.588,2
20260324,688218.SH,江苏北人,A4_RSI超买+近布林上轨+主力流出,AVOID,23.69,2.5985,0.78,5.2242,-0.422222605754129,88.7,71.309,2
20260324,601908.SH,京运通,A4_RSI超买+近布林上轨+主力流出,AVOID,4.5,2.9748,1.99,20.6657,-0.04979328383395189,94.3,80.305,5
20260324,603898.SH,好莱客,A4_RSI超买+近布林上轨+主力流出,AVOID,15.37,3.1544,3.0,12.9041,-0.7728694874851013,68.56,82.168,2
20260324,000862.SZ,银星能源,A4_RSI超买+近布林上轨+主力流出,AVOID,9.01,3.3257,1.65,38.4582,-0.2598941865197384,91.28,82.167,4
20260324,002730.SZ,电光科技,A4_RSI超买+近布林上轨+主力流出,AVOID,23.51,3.4316,0.98,20.212,-0.29646231977879134,97.3,86.975,2
20260324,600930.SH,华电新能,A4_RSI超买+近布林上轨+主力流出,AVOID,7.19,3.7518,1.03,20.6743,-0.243035902233657,92.05,78.13,3
20260324,002947.SZ,恒铭达,A4_RSI超买+近布林上轨+主力流出,AVOID,50.21,4.0622,1.21,8.3479,-0.22392785357263564,97.28,72.993,3
20260324,001283.SZ,豪鹏科技,A4_RSI超买+近布林上轨+主力流出,AVOID,71.25,4.1971,1.93,14.5801,-0.31934869908203534,95.22,77.987,3
20260324,300432.SZ,富临精工,A4_RSI超买+近布林上轨+主力流出,AVOID,23.26,4.4924,1.02,13.0839,-0.16797359058748335,98.66,95.331,2
20260324,600508.SH,上海能源,A4_RSI超买+近布林上轨+主力流出,AVOID,13.93,4.5796,2.07,9.4864,-0.07774638068326291,96.81,71.045,3
20260324,600681.SH,百川能源,A4_RSI超买+近布林上轨+主力流出,AVOID,4.96,4.8626,1.91,23.2823,-0.3557296488284054,96.72,81.954,4
20260324,603105.SH,芯能科技,A4_RSI超买+近布林上轨+主力流出,AVOID,13.36,4.8666,1.51,41.1388,-0.1814087871024907,92.54,91.902,3
20260324,603272.SH,联翔股份,A4_RSI超买+近布林上轨+主力流出,AVOID,25.18,5.0042,5.35,29.559,-0.13151522070929814,77.19,70.225,4
20260324,603843.SH,*ST正平,A4_RSI超买+近布林上轨+主力流出,AVOID,8.95,5.0469,0.7,5.37,-0.47072199872962106,98.45,94.919,2
20260324,601218.SH,吉鑫科技,A4_RSI超买+近布林上轨+主力流出,AVOID,7.62,5.9805,1.14,35.1063,-0.1976216517735072,92.18,72.556,3
20260324,603628.SH,清源股份,A4_RSI超买+近布林上轨+主力流出,AVOID,15.99,6.1753,1.64,23.8045,-0.10888554756023346,98.53,78.862,4
20260324,001258.SZ,立新能源,A4_RSI超买+近布林上轨+主力流出,AVOID,11.33,6.6855,1.95,44.5608,-1.1045588818835153,93.95,75.386,3
20260324,603803.SH,瑞斯康达,A4_RSI超买+近布林上轨+主力流出,AVOID,15.61,6.8446,1.29,58.7001,-0.5791912953155495,92.63,77.171,3
20260324,601330.SH,绿色动力,A4_RSI超买+近布林上轨+主力流出,AVOID,11.18,7.7071,1.14,35.1903,-0.18811504940982685,94.95,88.856,2
20260324,300939.SZ,秋田微,A4_RSI超买+近布林上轨+主力流出,AVOID,46.7,8.9086,1.58,27.9509,-0.1325268604639666,99.23,88.437,4
20260324,600758.SH,辽宁能源,A4_RSI超买+近布林上轨+主力流出,AVOID,5.2,9.9366,1.28,19.108,-1.864786539342753,97.6,91.25,2
20260324,600032.SH,浙江新能,A4_RSI超买+近布林上轨+主力流出,AVOID,11.84,10.0372,1.58,32.7341,-0.3789901568176221,99.69,89.785,3
20260324,300868.SZ,杰美特,A4_RSI超买+近布林上轨+主力流出,AVOID,52.0,12.2383,2.84,28.5446,-0.7678860953811627,53.84,85.308,3
20260324,688272.SH,富吉瑞,A4_RSI超买+近布林上轨+主力流出,AVOID,39.6,15.5193,3.19,21.6892,-0.41533293948856465,88.44,70.96,3
20260324,688519.SH,南亚新材,A4_RSI超买+近布林上轨+主力流出,AVOID,157.0,18.0274,1.13,8.9446,-0.2830164189759228,99.18,72.736,2
